x1,x2,x3,x4,x5,x6,y
0.436412806724304,-0.05809665444925262,0.05852025001030847,-1.0,1.0,1.0,2.6608469345692742
-0.351629309497856,-0.6927057347712854,-0.453170753655654,-0.7258590064282986,-1.0,-0.6289342558213498,2.554562525327993
-0.4860684326866289,0.0273807033278054,-0.44786839591364014,1.0,0.3113036076357871,0.04361667830814424,-0.22414097061719684
0.23093711291984542,0.7389273672010395,1.0,1.0,1.0,-0.10775594073394053,-5.16869483497036
-1.0,-0.6623099360744823,0.7687189830407015,0.11801287759222223,1.0,0.7790554838380852,0.4884053929255765
1.0,0.5926648061073947,1.0,1.0,0.02989581415671755,-0.5169312920389433,1.1966608010502777
-0.2971398005477748,0.06870393147855136,-0.7755009337925776,-0.8728596714990688,-0.6946624741538077,-0.005118678397438625,-1.4391587322814479
-1.0,0.48681104675945,-0.8591484230798583,-0.3787885222813395,-1.0,-0.23581711375917463,-2.756377577032488
-0.25369709069498114,-1.0,-0.4697312514692412,-0.24484587739573738,-1.0,0.11451955013540266,0.011352027927857722
-0.5950045591535655,-0.29180444039525033,0.7559490442886317,-0.5159716644233614,-0.5375484290185266,-0.6977826972463237,0.7007216311368565
-0.7772507795344867,0.7313584648054289,-0.6861339720326578,-0.6476798343718159,0.35756095540816657,1.0,8.583833460582126
-1.0,-0.6533064023266273,-1.0,-0.5543901776958617,1.0,1.0,5.021288957377734
0.469490508621881,0.9979903108375582,-0.41721822180210877,0.4619848544427986,-0.8649282555628004,0.5032109287311032,3.4689424932005646
-1.0,-1.0,-1.0,-0.7777225811927106,-0.23531372719643784,-1.0,3.5116029184333404
-0.01031503543968848,0.26770072612992113,0.052581161587693576,0.06795411272284238,-1.0,0.34954615446450304,-0.26990197925846643
-0.7431165719753292,-1.0,-1.0,0.08878990906640749,-0.03031643809381046,-0.807478975874066,0.7294761644624004
-0.45837068941043,-0.12906703963167565,1.0,0.7396726309337109,-1.0,-0.9160272646313206,-1.5182169767858424
1.0,1.0,-0.12896474071874547,1.0,1.0,1.0,-0.08908667885848232
-1.0,-0.8345570959510427,-0.8790775004829923,0.6457946059376198,0.4261784229090494,0.46963195523035894,-1.2212818708878712
0.2343364445990398,-0.4422784600172207,0.9419569542628814,-0.32133051413847613,1.0,1.0,-2.35770732287663
1.0,-0.6071898623762736,-0.12711618625841525,0.2533566392192469,0.09330303264481402,0.1209589879375188,-0.4647285706951386
-1.0,-0.4096399846753399,-0.3607952702313748,-1.0,-1.0,-1.0,1.8821251408131037
1.0,0.5117608401867078,1.0,1.0,1.0,1.0,-7.084848283775238
-0.5267817664290495,-1.0,-1.0,-1.0,-0.17868999561045895,-1.0,1.6861515262713354
0.32159507949781996,-0.062094336913995685,-1.0,0.70385950919287,-1.0,0.5132053236162258,2.1142453735591196
0.36357071060997503,-0.5103850046571125,-0.9948891633866264,0.4640503231735214,-0.17488863785901831,1.0,6.095736074426899
1.0,1.0,0.6565724759274858,0.38886176288513075,1.0,0.12917711392558706,-4.228898258606758
0.7002299550879781,-0.8021470975326218,0.3951836683036199,1.0,-0.5509253762092442,-1.0,7.316462214996623
-0.30940598195852803,-0.367013785201865,-1.0,-1.0,0.7354755637696382,0.12433054848986652,-1.0900350165142967
-1.0,0.17097226590722137,-1.0,0.3213423953997716,-0.3235751957097273,0.40755139157082343,-0.1671163081867314
-0.46591384675615527,0.8172211298797738,0.6790497020298472,1.0,-0.04975917095414384,1.0,-2.4046638577499326
0.5795581023083798,1.0,-0.5626253908954031,1.0,-0.3025846804929969,-1.0,6.662956561467486
-0.6598538599118295,-1.0,-0.1967715509124086,-0.46305788558142746,-1.0,-0.5320960297386019,1.3926238604491774
0.5023729987350933,1.0,0.44361521108039725,0.7794731499913159,1.0,-0.5726789463660291,-1.5820674972688433
0.10812975717645135,1.0,0.18297075633626608,0.6315494391162513,-1.0,0.33390818731059335,0.7067848764803629
0.757142020887682,0.7865649822548841,0.6973722920596928,1.0,-0.1783146035298093,-0.8108804416651338,3.393636308878551
-0.6638510556314394,0.044221878415956595,1.0,0.7465085752837706,-0.14278821386564106,-0.39303539450761316,-0.7930893749001799
0.4131424148276408,-0.619127558028231,-0.7611574345831282,-0.9743538774552636,-0.7156151973681251,-1.0,4.366627577744615
0.1835801916239633,0.5992693078290185,0.42076538643682215,0.09456713654651805,0.059012457738217804,1.0,1.901514512111155
-0.9829928533385948,0.34556384722488453,-1.0,-0.5990403608299762,-1.0,-0.33188820306931466,-3.104161460631758
0.2481391745366519,-0.1274661862173287,0.6322098696734624,0.5131144921296626,-0.8034621481417967,-1.0,3.14321770553731
0.4034902283008548,0.5740285773514295,0.8154989573794029,0.49522598289056274,0.5017158554415672,0.04474566740708119,-1.938959263963881
1.0,1.0,0.8112858823504032,0.9262237960682782,-1.0,-1.0,9.57070105718831
-1.0,-1.0,0.3224724871533815,-1.0,-1.0,-0.044679436854098364,2.4749676012225543
1.0,1.0,0.040641581352140355,1.0,0.8902590049772293,0.8639615203943829,-1.8689399143572905
-0.9300584455958919,0.5186693476391465,-0.011946502569829653,0.011920018601994986,-1.0,-0.6435869033914896,-1.9854059229347927
-1.0,-0.42762595257711156,-0.6160506296812368,-0.21352821082762463,-0.306566000292549,1.0,2.5244462228866658
-1.0,-0.4801650974759719,-0.945829418690141,-0.20448947784926697,-0.7632232507407253,0.8302285250071871,1.1282805278610821
1.0,1.0,1.0,0.21818814226413763,-0.8836733810830089,-1.0,4.148956306415484
-1.0,-1.0,-0.9960523062093751,-0.5520187472910858,-0.35369056392812237,0.8514528514972464,-0.7611021672933855
0.18425582791504136,-0.4929814320621664,0.7075141237476933,-1.0,-0.15732380140323055,0.5377123828723109,-1.2776615506662865
0.05500095349360637,-0.8263539872567949,-0.32639612272733864,-0.8602948308922109,-0.9058773652345096,-0.2564110711011427,2.9375517232772097
0.11449268860351558,-1.0,0.12393604602678705,-0.8398216878676159,1.0,1.0,-0.15129226026587372
1.0,1.0,0.2569874062001445,-0.09942917685752561,1.0,1.0,0.39971463605762536
0.5295451858589844,1.0,0.16024659355648185,1.0,1.0,1.0,0.910435852065387
0.11432981447743129,-1.0,-0.9422238635451622,-1.0,0.8588476086361438,-0.0982340060643335,-4.190389538261999
0.17828607102519045,1.0,1.0,1.0,1.0,0.23615571675782587,-6.902570835353926
-1.0,1.0,-0.9738081339494231,-0.6524924605837805,-0.7754256102690968,-0.7186560287409562,1.6022719119469602
0.07325173889917658,-1.0,0.8501537309076066,0.7081788858722564,0.7134352245247522,0.71285271383592,1.9232239339167005
0.10678321296586901,-0.03720463185410369,-0.6922364127656996,1.0,-0.1768003626036706,1.0,4.267555925593439
-1.0,0.7263853177718704,0.6480954536378551,-0.17141708090372854,-0.9323497250504895,0.9705793790629901,-2.7811813621682973
0.37270798003840855,1.0,1.0,0.17946006949487714,1.0,-0.21442246945858368,-3.001729771048224
0.6673503955570177,1.0,1.0,0.39626735736822094,-0.2664277596039877,-0.5300324180273479,-0.41310983914144506
0.4204714012982111,0.03341369500579322,-0.1448631146025948,-0.46721645553238655,-0.31346694701183586,-1.0,3.523790483940353
-1.0,-1.0,-0.9141524862269168,-0.21348376637597966,-1.0,0.08069547061196389,-4.666045665289948
-0.2803567802361035,-0.028429529854322483,-0.03503312852678103,-0.9987940729949957,-1.0,-1.0,1.6540985561037562
-0.27118299130179846,-0.5860070604060468,0.31628573114321523,0.5363769915479626,-0.3129405157872778,-0.49577177281620244,0.10025552996268061
1.0,1.0,1.0,-0.19448827420182546,0.03160567643073331,0.7247317774093474,-3.5128634667481418
-0.5274312711257547,-0.14773212849551587,-0.5123663149939396,-0.3009522286378161,1.0,-0.0386520527924204,1.3552906590506029
-0.6754776637242987,-0.2363695241727417,-1.0,-1.0,-0.28981996666315724,-0.21015760472348796,-1.3587453994076832
1.0,0.19814784194945986,0.5711173926664488,1.0,0.6098762670238287,0.6633075165732137,-2.3814645099707046
0.6336561231694945,0.423405360725974,-0.5511081720215152,-1.0,0.25011974122454544,1.0,4.994512089106976
-0.11573473160338099,-1.0,-1.0,-0.392757843054461,0.6090031209124811,-0.46107644648888924,-2.1495011284995083
0.2878044815932477,-0.3733066475031953,1.0,0.7483765021692151,0.2204185890719521,1.0,-2.0588403648365143
-0.6676814892736913,0.5925471796236741,0.5766521176285613,0.48259283253882646,0.43815253964458334,0.02186057348916448,-0.2198435902909072
-0.9153499631055323,-0.8384597110970942,-0.8871914082282738,-0.6434967317140888,-0.5435364008333821,0.43230458527926247,-2.8722589047839238
1.0,0.42307927303996284,1.0,0.7899377744417859,0.5753625888821058,-0.4075420796486787,-2.424288817803459
0.997326873369828,-0.6697961401528869,0.036943798718646614,0.07986101483087232,-0.659889110107504,-0.3550908937284408,3.4150011190437732
0.19306070639820352,-1.0,0.5403210414181174,-0.21612048994367872,0.728881934698117,0.784880043457693,0.09552363636329939
-1.0,-0.24595048513586004,-0.9668635194125037,-0.8979816576230695,-0.30112927496148956,1.0,4.194323952516243
0.5208408196967709,-0.31950004972691776,0.32513412249978996,-0.16833363797766765,-1.0,-1.0,5.2848291481251595
-0.19700462142463038,-0.60235679222276,-0.4774883905325904,-0.07834890317105814,1.0,0.6044612016971072,2.1307407319877254
0.9855332279259879,0.5106136548862419,0.8509944976690914,1.0,0.32829976706863406,-0.4724516980078928,-0.26063345748255917
0.8276277573183943,0.4496725550464895,1.0,1.0,0.5664137465783265,-0.7776389816325282,-1.136819982075832
-0.47310157979038536,-0.6301895914405116,-0.4789406543575986,-0.34989511308083854,1.0,0.46887853471260277,0.3871014353628649
0.1752828315896825,0.07358085204100595,-1.0,0.26209321276742337,-0.43243296050981983,0.9356599474542757,6.402261136523904
1.0,0.5595010349999847,1.0,0.6729187905015306,0.24922683958336278,0.97404096219623,-4.584435597996617
-0.4678889178696548,-0.33072573278957695,-0.09589147193720926,-1.0,-0.4158380457110143,0.8116554031854044,0.9425044241004219
-0.2453363760694648,-0.03674560361566992,-0.002572333067646815,-0.5229833694918307,-0.17386977395495096,-0.33187318282163314,0.7765061637981487
1.0,1.0,1.0,0.07993163608845477,0.8185044977845892,1.0,-5.693918347482152
-0.6341518691427275,-0.6740313718215059,-0.4726180214677569,-0.10049442587695884,1.0,1.0,4.526862170450142
-0.09052047258434648,-1.0,-1.0,-0.4680605474014139,0.23301242256707466,0.5424984869998486,-1.8554451442157704
-0.26673193269859885,0.7139753010683518,-0.9636331712684174,1.0,-0.7233072821664395,-1.0,5.209384034482098
-0.7828018048785941,-0.014169949550763228,-1.0,-0.0267854045672144,1.0,0.052453373693317484,-0.1906051315839325
0.1313295658764534,-0.3794114429588443,0.4503243333102702,-0.3156864849197442,0.05807144201869052,0.8862800160777482,0.2550429678122275
-0.6816653195901952,-0.7316490060338534,-0.44945616324803395,-0.8243341152290491,-0.6008680616463169,0.38505740979846625,-2.289855047261792
-0.03298702779094631,-0.28874060713725547,-0.32749591432326874,-1.0,-1.0,0.3277711558430875,2.8330000457760014
-0.7835390800912447,-0.8609673484574967,0.6860380174558612,-0.026957929554759813,1.0,0.5253234567532621,1.5878697067966718
-1.0,-1.0,-0.7104381691290111,-0.9646965854321172,1.0,0.25888595532385683,-2.5357009037640386
-0.010825221807370777,0.786187813636416,0.5943834324469857,-0.14439872501290224,1.0,1.0,3.153642121998951
-0.03389681517382159,-0.2311873610319597,-0.889665826074816,-0.5547708182050004,-1.0,-0.2666943528059395,-0.28147387314155686
-1.0,-1.0,-1.0,-1.0,-1.0,-1.0,5.373608079543886
0.2238502632055659,-0.35225568243053385,-0.25425106610756976,-0.6104657414715038,-1.0,-0.04964806933432059,2.4741761635374417
-0.06762012965893882,0.4578708987383251,-0.09369889881885257,1.0,1.0,-0.15745375626093927,1.4418598433441527
0.8613212076387722,0.8471736407750335,-0.3920047313560867,-0.8709827575277462,-0.04123605104389805,-1.0,2.0834711384609563
0.12627312989553818,1.0,0.022143002712739168,1.0,1.0,0.6171777623081971,0.17693572433381935
-0.7080939401583832,0.2606043984312816,-0.36809527541299514,-1.0,-0.4647180034797329,-1.0,-0.1399422675343801
0.8474990161389238,0.15306228593336724,0.33377520321526816,0.8469435297738348,-0.4595398141960355,0.01855377292006244,0.37058559495099264
1.0,1.0,0.7097076078643585,0.7190786264614852,-0.8019614293503752,0.9414320722876579,2.4594694465626725
0.9062049178218717,0.2615079291146196,1.0,0.5063195834122493,0.5638822150884121,-1.0,0.024180742780141942
-0.37959593122890867,0.6119326489993433,0.31120753070198515,0.7650694099600334,0.4105858614433281,-0.3108197797754122,-0.46255340859078653
0.7979651317002261,1.0,0.7712507841038355,1.0,-0.3430109398978908,-0.6236810548035091,2.6323206024642065
0.11168436984213626,-0.38995384162157176,-0.20095412563477394,-0.2662749131131706,-1.0,-1.0,2.1371474058074558
-0.824582484048252,0.04551396201484453,-0.6986369847785815,-0.006866209372434706,1.0,1.0,7.91645175128145
-1.0,-0.7759804524529769,-1.0,-0.5276488631813583,-1.0,-1.0,2.355422808246777
0.8150998311959178,0.6890689259950447,-1.0,-0.11933283891958524,-0.9575387656714816,-0.4518092595954846,2.508270180409098
0.0892558646241961,1.0,0.8541265717175935,0.5148912068344509,0.32332916772880016,0.08147921304659003,-3.706031307307735
0.33381606411055387,-0.13225316238460236,0.13724137980299023,-0.14762512809789913,-1.0,0.5146952199510613,1.9522860428022784
0.31734625751275874,0.1233449348670772,-0.8436588925674167,0.799412718394358,-1.0,-0.9223970010818622,1.1045821459323735
0.3856308695515699,0.2838241912667756,-0.10835309538922555,1.0,-0.09116607700284862,-0.10465973116057259,0.6672377717766982
0.09856699312271233,0.3224836337741437,-0.7574568363846602,-0.4723656080661218,-1.0,-1.0,0.6176589181756063
0.09748959550664732,0.6717561101271576,-0.48887377810129173,0.34635029271416107,0.17310527290661692,-0.21249453786623984,0.5086829052844549
-1.0,-1.0,-0.6207533921197359,-0.6811757518874932,-1.0,1.0,0.5583428299827593
0.8144058006328418,-0.13661874671853724,-1.0,-1.0,-0.40767559540640863,-0.19211408630117344,0.3701014774998583
0.43040775574310436,-0.6653635018632852,0.464543846303511,-0.1714569939791193,-0.6919269233644886,0.2785769412995705,1.4923660470661644
-1.0,-1.0,0.40993784677653994,-0.9448753742229854,-1.0,-1.0,6.331312797322357
-0.11285570822025437,-1.0,-0.6070005872080186,-0.92085014637952,0.019068254261086492,1.0,-0.5896600228591835
-1.0,-1.0,-0.10673580511375924,-0.8585615783445482,0.8480432886979737,0.3198348736993468,0.7773708044660937
0.54744964142931,0.6072212145184885,-0.7068148149917034,0.7703729954750276,-0.6257691754003165,0.6180987073428331,3.736547802089517
1.0,1.0,0.374811568259396,-0.366253587311061,0.761061039542874,-0.23095208004088563,-1.624168524782328
1.0,0.5433971436463458,1.0,0.45938054370238834,0.21917454795017133,0.3658326406261427,-2.011785360788593
-0.9137876989499527,-0.1792252903191679,1.0,-1.0,-0.873373800823628,-0.6863231931883402,-1.072305743809799
-1.0,-1.0,-1.0,-1.0,0.13348873312794052,0.8455800110948742,-4.25984932361989
-0.9049627688926977,0.603609734410701,0.39309594319870445,-0.9309604886518978,-1.0,-1.0,-2.3416466294106084
0.4330341453984191,0.16166878425489162,0.47027459590925746,-0.28299329928184597,0.25459830467613453,-0.846273429845068,1.7165674421483046
0.671507817546651,0.6508909858067633,-0.44121394573797507,-0.17504655828621002,-0.9176502289822857,-1.0,3.0965648630527585
0.0824613890751022,-0.720909962634001,-0.3704160172240264,0.4378516447774972,1.0,1.0,4.233318241186291
-1.0,-1.0,-0.5011810941118775,-0.7503445938493676,0.9925519324411117,0.5827621680309971,-0.8470481181445522
0.3634180407263242,0.714965964211979,-0.8746843514715563,1.0,0.6387722585017142,0.5127639620085974,-0.08344662341749126
0.4548943015151077,-0.3391534752112279,1.0,0.2921108573818691,0.5019327418990609,0.25155922866099073,-2.0674228547598474
-0.3500491858501836,-0.6827426541083866,-0.15907782756721114,0.14976341071128613,1.0,1.0,3.9725388520866853
1.0,0.5143023881329116,0.33510784701275853,0.5731705316047299,-1.0,-0.6299870669375303,5.192047881726433
1.0,-0.6039366371079291,-0.07982844718409904,0.2811410142664009,-0.8010763292901392,-0.29057029653905886,3.9189997686728772
-0.5747899248058013,-1.0,-1.0,-1.0,0.17245800146907264,-1.0,2.8055420287961486
0.6925721440740881,0.25117509169856356,-0.15661897414209935,0.43489909525520437,-0.24831788118661324,-0.7194892261832624,1.0978333591567317
-0.7520017980475509,-1.0,-1.0,-0.7115216901021273,-1.0,-1.0,3.2301614916481585
0.5269740247665675,1.0,1.0,-0.04603337346580405,-0.9212534071158889,-0.06573514163188632,-2.002343421810165
0.1426495968806013,-0.08932661240761852,-1.0,-0.274493651128414,-0.10500566493706154,0.07603463295153015,0.3729289603249455
-0.24120083210276616,0.352511166295344,0.1595591610722185,0.8892003645507515,0.7383716569125782,1.0,2.468223123363747
-0.9726305748533759,-0.6437342233900603,-0.785054878177087,-0.9968048717435912,-0.7954373225254253,-0.4840831003265811,0.16063177932883127
0.8242655478088587,1.0,1.0,0.05345180079528311,0.6586405388025761,0.528863033466207,-4.4839627013574015
-0.08782126708834292,-0.16861074021223077,0.7947634576356002,1.0,0.12561585705946138,0.8414980015923323,-1.2056842499014486
1.0,0.9653878443175528,-0.5170671959116573,1.0,-1.0,-1.0,11.369369802916713
-0.4790528932702993,-0.0947383669546511,0.30682006122079497,-0.4779033961800573,0.27839480634074865,-0.8796904923829489,2.775364698671257
-1.0,-0.21460264674695984,-1.0,0.742671963650695,1.0,1.0,9.735425839223266
0.40773128887496657,-1.0,-0.682238355033733,0.4678473205698721,-0.3166289028516953,-0.22861432145054716,-1.6147169570778352
-1.0,-0.6450609171827522,-1.0,0.005434345158281673,0.18046866833370256,-1.0,6.442017600201905
1.0,0.6810139117387284,0.008893562147687328,1.0,-0.6284195026789234,0.49172782691558414,2.3873868085290937
-0.2009997107046553,0.9998154046614206,-0.2121639608428847,-0.6791138517200935,0.024147881719166653,-1.0,-0.8871133879161393
-0.4918083509488677,1.0,0.29331739710429705,0.5693078736421586,0.1340478031414446,0.6382308639601876,-0.515833033293633
-1.0,-0.6034049075848583,0.37505507162889284,-0.0904664102757361,0.009999825793156836,1.0,-0.3901816402634775
0.25000004769228856,0.7526455597823238,1.0,0.3778524031885424,-1.0,-0.5671009780450952,-0.016136589513968472
-0.6700650702815821,-0.5301669206824887,-0.7420907294516685,-1.0,-1.0,-0.35061383056172724,0.03272941404882734
0.07574048599277544,-0.7015714930185593,-0.91991536667661,-1.0,0.7366624214928823,0.2707635723648174,-1.623272398059413
-0.8040505998724587,-0.048880136208467095,0.12223123162482352,0.9536037258087325,-0.17619557773949152,1.0,0.6442661954565426
-1.0,-0.9145122027333197,-0.5730079836751556,-0.6871570194659655,1.0,-0.24270606132038725,1.2128073070575338
-0.7576384131383793,0.12526437087766107,-0.47366258301801245,0.10018058412146441,1.0,1.0,7.18124157127394
1.0,1.0,1.0,1.0,-0.9595457947660382,-1.0,9.23109503825471
-0.7604954167018845,-1.0,-0.5167670973730119,-0.6735125332658778,-0.07490068308697578,-0.14196517679166032,-1.6137479494931832
-0.9364381670313601,0.7618031757994208,-0.46364337796558364,0.6429681240656833,1.0,1.0,9.484709279003223
-0.4911229721599335,-0.3020111218764068,-0.4575222948646298,-1.0,-0.5128645584027665,-0.47130407809724745,-0.5633115798859991
-0.5526926304774297,-1.0,-1.0,-0.2982983838821769,-0.539835031354583,0.5315674857883971,-2.4695164268939522
0.12359624077329562,-0.8579005712223884,-1.0,-1.0,0.1603991083096019,1.0,0.552532439361399
-1.0,-1.0,-1.0,-0.6017168423596087,-1.0,-0.6315135451813361,-1.48819986006564
-1.0,-0.2600307881398376,-1.0,-1.0,0.6791505345021194,0.31846512728892007,-1.5186109964424186
-0.757257192122502,-1.0,-0.4013201837761173,-1.0,0.523950637382497,-0.7236155745092621,2.2803205493789065
0.5039919734520137,-0.2862921998596384,0.7909921199423602,0.976634898993719,-1.0,-1.0,4.836939123883707
-0.3698371749147227,0.9237660308430337,0.4737810741789022,0.00618312208092564,-0.5012102349107075,-1.0,1.1820857351665934
-0.14977253419082892,-0.08532565208273013,-0.9355649686435544,0.12418087674291645,0.5130993554123756,1.0,6.858720909967993
1.0,0.10222773685269049,-0.21295716093971329,0.28453385097002926,0.7459698732744424,-0.942108660964656,0.5914539361687128
0.04594682719677934,0.18276011658076352,1.0,0.9051236309009267,0.8194520714227457,0.9397094001524298,-1.880480950001634
0.44144836785592734,0.6646020167665466,0.33016465098134407,0.28949645579821137,-0.31102102107355134,-0.0004840438101709754,-0.14303339526613512
-0.2548136043209097,-1.0,0.808159343146468,-1.0,-1.0,-1.0,8.99878607185752
-0.20907345308173278,-0.7760038847847918,-0.0076060345754550285,0.6230246644792635,1.0,-0.6896088283260402,0.5170735799467228
1.0,0.30553025215047375,1.0,1.0,-1.0,-1.0,8.384425796881796
0.409356130489676,0.06445485675718707,1.0,1.0,0.5730292733397478,-0.07469332665816408,-2.507379852232721
1.0,0.34141853765557606,0.028714846073221056,-0.41767441516191584,-0.2625963631184578,-0.7588471752070701,2.3564864946068522
-0.26409404423712507,0.39960636258904686,-0.8473334123729368,-1.0,1.0,0.7134039355298061,5.768166304617264
1.0,0.9428670366132854,0.9428962671644577,0.8484193309346589,-0.31632556362162156,-0.45694094734942203,1.3920161619002906
0.8737613261948203,1.0,0.9613325617628223,0.8266760668995179,0.4816767539281436,1.0,-6.7160187889915575
0.5760198072034102,0.697548762542351,1.0,-0.5029156958282796,0.08948506304405501,-0.9918419927250176,0.42610783748662945
1.0,1.0,0.7535152435208456,0.741799085749631,-0.46206741119553124,-1.0,5.613110521839237
-0.31185744449197067,0.6371241887190129,-0.7292094785500498,-0.17890918230326747,0.48959552443722393,-1.0,1.7121890991598026
-0.3335564512518501,1.0,1.0,0.539777209786163,-0.032651381404823154,-1.0,-0.15228573528484157
0.0851682467364464,1.0,-1.0,0.18762779995970735,-0.46270853912647647,-0.0549027278676284,2.2836409136680187
1.0,1.0,0.7166409095157509,0.4988392506426438,-1.0,0.3324848154337276,1.536487636110237
0.34213050973771164,0.8879882800238552,1.0,0.9163114049900802,-0.4781550545420168,-1.0,2.2456407973300867
1.0,1.0,0.04605878783531636,0.1212730275000744,-1.0,-1.0,6.353417839272197
0.14375005940703056,1.0,0.4202027522281959,1.0,0.8794842356975424,0.6646406157816496,-2.015671153972435
-0.041413114709862975,-1.0,-1.0,-0.28786636235520313,-0.2508973330902079,-1.0,2.649530621886627
1.0,1.0,0.46705578623346833,1.0,0.06007086523905658,0.3051253275075132,-1.1593904330563864
0.9894202420034895,0.9648916017894761,0.12431500619373625,1.0,-0.30489821987503846,-0.7710633461008405,5.6642298699916775
1.0,0.26785163150519153,1.0,1.0,0.18171296377008764,-1.0,1.9485182015719742
-1.0,-0.6939055211625752,-0.49141811429764987,0.920476294220265,-1.0,0.37485972853165217,-1.8159144131191707
-0.8159001553660301,-1.0,-1.0,-0.5538360354046998,-0.4410206767446153,-1.0,3.1882034359845486
-0.9849549453796346,-0.9135287874329392,-0.5711599483867931,0.29072840043962084,-0.003210492121827002,-1.0,2.5769951633275805
0.858028384822434,-1.0,-0.8445529587577911,-0.1261309917786238,0.8142087041640588,0.27122317350532765,-4.248271725426833
-0.14831466858062803,-0.683800667500055,-0.14136342258499135,-1.0,-0.20394302604246162,0.2479787538356002,0.06150021319787752
1.0,1.0,0.8164116280089899,0.17381072469276854,1.0,0.18943280922496597,-4.443619311206468
0.22464698870573885,0.36642509246551297,0.11633250860351108,-0.2346809756761902,0.07555502197480357,1.0,4.2704051357071116
-0.0035616365829208574,0.3586225201444164,1.0,-0.1559913759696696,0.42155110511234584,0.40831764488128863,-0.9661270729105957
-0.2631220113503032,-1.0,-0.5607314616299788,1.0,1.0,0.36198744568747176,-1.4022430893963707
0.019605605886531485,1.0,1.0,0.85440082779378,1.0,0.552293422873918,-6.837359995407476
0.42160111200252226,0.7358220816349157,0.4954879548365585,0.9866272392023776,-0.2017324052445738,-1.0,4.4811388267711685
-1.0,-0.22394591144660514,0.45953733798240637,-1.0,-0.3000017769402741,-0.9455456114654238,1.7508025314616162
-0.5773013507818401,-1.0,-0.7997877050307649,-1.0,-0.6481427705337237,-0.0522394480686809,-2.222037146696428
-1.0,-0.1689261257200907,0.6079518717442856,0.046684909855525425,-0.013819785117886119,-0.3988652326970148,0.5101216566288054
-0.39082256756761213,0.2919453217103415,-1.0,0.292367519741326,-0.48690832367189874,-0.330386595845092,-0.40536711588534635
0.5123499488853933,-0.3431357637985287,-0.016739742741336383,0.025824311836876113,-1.0,1.0,4.970087615238316
-1.0,-1.0,0.6589406297190132,-1.0,0.8553534889560606,-0.48274034009006045,4.520996148023026
0.6310766841469451,0.4288356055792285,0.962652090949693,0.31094564330584706,0.7855768640358044,1.0,-2.245053153750088
-0.816797979817291,-0.4339410680750715,-0.25681037468387746,-0.8045086768724224,-0.02790425702185173,-0.5737109798185723,0.6964788705878644
0.920654571080693,0.0203485639212031,0.2827068042362349,0.41866640936332367,-0.7319232473966082,-1.0,7.378400281782022
0.25655395795102975,-0.549805415615062,0.37136699813356355,-0.17965384424026354,-0.9112944504279161,-1.0,4.194678291451503
1.0,1.0,-0.52094423664632,1.0,-0.2179514501202287,0.20146212056448456,3.1215775044428136
0.06614495986898516,0.7617380236860949,1.0,0.004846024988171882,0.21983490117664584,0.12247937633239891,-0.5390407281855324
1.0,0.5144375528320311,0.36285453126060385,0.708537885495592,0.9624369259664516,1.0,0.1291236558985382
-1.0,-0.7740250846844214,-1.0,-1.0,1.0,0.33350396285810313,-5.04910263538892
-1.0,-1.0,-1.0,-1.0,-0.023362679562719313,-0.37593056661127744,-6.094269243778034
0.13260396971558175,-1.0,0.06344187155151337,-0.86521282382837,-1.0,-0.35262234965355943,6.443141586056927
0.39393124156486753,-0.8627726426725022,1.0,0.15158836512853735,-0.9758255205393538,-1.0,5.900076432498665
-0.16903020050528472,0.34574904231576986,0.0454368254350368,0.9907102662691181,-0.22395885594672027,0.03786755715972334,0.5524173194436794
0.3183933654553135,-1.0,-0.41411674764327555,-0.508626725644252,-0.15315774696056028,-0.1603590846524675,-0.31442923536342027
-0.5597175665565571,-0.6879305760567274,-0.731172306728366,0.03632900570391018,1.0,0.4058167480672543,-0.31776084222597323
-0.6364826126940315,-0.7942469690128585,-1.0,-1.0,0.2525206718116056,1.0,1.2167529437517584
-0.5528921235092794,-1.0,-1.0,-0.8478725381275699,1.0,1.0,0.05934425937889698
-1.0,-1.0,0.2616554632671387,-1.0,-0.22802971963596408,0.2095406470110334,-2.8091317744117026
-1.0,-1.0,-0.058215745496947136,-1.0,-1.0,-1.0,5.5172488702116524
0.22018971711263635,0.8106844230271301,0.007764726969429869,-0.21273206969856712,-0.8350790045824112,-1.0,1.9854998198117841
-0.8290323548583178,-1.0,0.45297132139122787,-0.44498522455926137,-1.0,0.4263629504946748,-0.8687312402891431
1.0,1.0,1.0,1.0,1.0,-0.13952479961312192,-7.972166889796308
-0.05355912000421914,-0.6546121814889192,-0.8906171027198402,0.29684826278745724,-0.9023074445463377,-1.0,0.42890290467041536
1.0,0.8470715602896868,-0.2195649917064682,-0.7366294441316152,-1.0,-0.48825830725691133,5.543850769844219
-1.0,-0.4295114212711493,-0.6288244483156153,-0.5113255622083148,-0.08909065469217001,0.2678253090347276,-0.832285831955984
-1.0,-1.0,1.0,0.5992575129597504,-0.3628812494983498,-0.02056060424882855,0.2135182094446918
1.0,-0.8027370961944778,1.0,0.405927878410674,0.5615931656721692,0.6412552064182481,-2.0562901572645167
1.0,1.0,0.2874210209729844,0.6197525250087965,-1.0,1.0,6.7044384696459405
-0.21613199138210581,-0.18590392477390694,-0.3490621948398054,0.13823915159077177,-0.3912833494152401,-1.0,2.5071936355659394
-0.0398289564650991,-1.0,-1.0,-0.4889113924379209,0.9891634063704684,1.0,1.4043605725147732
-1.0,-1.0,-0.5811739267890796,0.10397369995160899,0.19831164818883018,-0.8038964895750214,1.5550889374090375
0.8495199477984787,1.0,0.9184299265016636,1.0,-0.0409414043005768,-0.4484005581769931,-0.015990870515546873
-1.0,-0.9546427931040594,0.3934862438116271,-0.8528632984023956,-0.3746991772939601,-0.30705279051306644,0.8350484893526908
0.52336656640282,0.23214568055792162,0.8476281628813793,1.0,-0.4911336915761808,-0.19018864566794424,1.8571189286226717
0.07186824130887792,-0.4080178707182964,-0.037326036737445695,0.27633106337913316,0.06677692269214697,1.0,2.2133241186248584
0.002512779046367264,1.0,0.7629261558573379,1.0,-0.014193867468705434,0.30110935176033704,-2.814398799592936
-0.18592557878997862,0.815742696481872,-0.496715700288048,-0.1744712194603294,0.41830770916290777,0.035016611589306745,1.2904014580858647
1.0,-1.0,-0.8412728091979399,1.0,0.23465062869170317,0.9954863840103183,2.1439640397838744
-1.0,-0.07372947367352972,-1.0,-0.16610944835282215,-0.8379372838385105,-0.4090170919320806,-1.9563366057377078
1.0,1.0,1.0,1.0,1.0,0.13017292496627664,-7.885889310904644
-0.4035691666375527,1.0,0.18854019348549544,0.4761504698651178,-0.8709644547542289,-0.20736830896045222,-0.6870230390441565
0.3226099901190191,-0.7277772965332535,-0.5043164849991555,0.4973481494433182,-1.0,-0.3549008475846454,2.1959913382015865
-0.6373819499365917,0.34497981539212313,-0.5325935772837775,-1.0,0.893447069940356,1.0,9.697542296058277
-0.43011049702035364,1.0,1.0,1.0,-1.0,0.6065644318237297,-5.555368943828849
-1.0,-0.29538337801233583,-1.0,-0.5570963968537155,0.3778885925465628,1.0,6.221908498924653
-0.14172280976097953,-1.0,0.10494136372059704,-0.7225501796802654,-0.6165799070614743,0.26461779021884935,0.8069828290257364
-0.4902704993089775,-0.9258163612238168,-0.8755995907209927,-1.0,1.0,-0.018332165723023763,-3.688222708107025
-1.0,-0.3085704346538022,-0.7435423367882676,-0.42407128470957556,-0.2738778953519862,0.9943497461292379,3.023634017852585
-0.6695556732360978,0.9362140788720629,-0.43562870195391085,-0.2582814672655993,-0.9878324661937607,-0.49911782392057835,-1.214012638642962
-1.0,-1.0,-1.0,0.544145318384634,0.2816690541583116,-0.24634311570842715,-4.292623766998507
0.06039801827939428,-0.14243445843166946,-1.0,1.0,0.2436857848864555,-0.12444789272036466,-3.0395994496128624
-0.44099988666002593,-0.032170784678606956,-1.0,-1.0,-0.06412861264699965,-0.2984411546204577,-2.8625737563600264
0.24327191068247833,-0.6292652256670486,-0.1940309028781971,0.9391787862410997,1.0,1.0,4.422951350167312
0.12333821015990798,-0.8866172276659059,-0.902128872651266,-1.0,-0.12740845016341468,0.632055555941455,-1.3934007811895033
0.7441167622580223,0.4606635046334193,0.7286273434815237,0.4825089243299191,-1.0,0.31940378431699573,2.255660972495006
-0.16102504470704954,0.738376903857914,-0.46387847578186253,1.0,0.1576008971949976,-0.26286279416827707,-0.5123325890140993
0.05365648098773068,-1.0,1.0,0.29098877079622393,0.37739727162137615,-1.0,4.82008677716841
-1.0,-1.0,-0.3601013887711276,0.26591669879099855,0.8799086667932874,1.0,4.321882956512776
-0.4247009362526841,-0.5211976605720297,-0.9021335222278759,-1.0,1.0,1.0,4.516069246823523
-0.5109191005496054,0.5842884907893187,0.05479315698370635,-1.0,1.0,0.45615314953127495,5.0823458679220765
-0.5816301620137097,0.19773869522939747,-0.3300395323336947,-0.6130429446912151,-0.6122904360340715,0.34827805399821554,-0.2696156734861631
-0.12180156091320282,-0.3475526408542778,1.0,0.8639093565473878,-0.9610558933224991,-0.12676794398590419,-1.5558037045530668
0.4123470852012038,1.0,1.0,0.9059431498582171,0.30109321545121126,0.11420649429167905,-4.535595863088696
0.4280452377258055,0.9975080495823843,0.35840746193403494,0.9621477037883508,-0.03816761441679106,-1.0,3.9111074766167238
1.0,0.9540648277544616,0.5520330820784871,-0.09936937697436954,-1.0,0.15563829655112288,0.8317016716899021
1.0,-0.5057719839794073,-0.07012710639543096,-0.2516193890244814,0.37198909034226135,0.25237207595852795,-0.6564494324209572
-0.25118274469726143,-0.06366591424983753,-0.49964870373787484,-1.0,0.35545438267816,0.15475268030848258,-1.9705314618673313
1.0,1.0,1.0,0.5611324197285001,-0.7333859844586215,-1.0,4.872756658205234
1.0,0.31427953346872706,-0.43116718472885135,-0.19330678776233345,0.5036749877826275,0.0017383079133447277,-1.220985304473737
-1.0,-0.7619206540593171,-0.41812908069393323,0.2510757962307943,-1.0,-0.5180281048405602,-1.929326533534357
0.5968755904832115,-0.017910625380164164,-0.7370090438233445,0.5818853370818552,-1.0,-0.9476006657370513,2.680535120305328
-0.4438171128754805,1.0,1.0,-0.09676284514814731,0.1044754138294669,-0.2066513290232922,-1.616783267721512
1.0,-0.1305755545937805,0.5902938552922243,-0.38768645431112914,-1.0,-1.0,8.124390336881206
1.0,0.2176587498302398,0.7316469773539768,1.0,0.6832036728337215,-0.08480012603916637,-3.1545891101525427
-0.898224160086804,-0.6824947336462919,0.3472874482124309,0.18613553289184026,0.7745288406150821,1.0,3.9107483077145035
-0.07454199042064619,1.0,1.0,1.0,1.0,0.05306171398374171,-5.68385456909137
-1.0,-0.8545325609734855,-0.7033405960931671,-1.0,-0.5100081188282419,-0.8160310239353499,1.716515286791509
1.0,0.7979572917423521,0.40892303601824376,0.11385554053656965,0.907905504962749,-0.23097101512538498,-2.0000183495065125
0.5604378656492093,-0.5993946536162016,-0.6297565739436168,-0.021794172771160414,0.9753742212317109,-0.2661497974656476,-2.3806004774083585
1.0,0.4534425101751538,0.38810226209571796,1.0,0.519653190484141,-0.2965875933053049,-0.37109248542703077
1.0,0.9608492888821014,0.28652614323934766,0.08024455427592658,-1.0,-0.6534357047722004,4.10260039659706
0.38268976200398935,0.8788531673744541,0.8009016669742508,-0.2751722863748352,-1.0,-1.0,0.11596857701455406
0.02493607384414398,0.8909851860028005,-0.6774329853829648,0.408409587474171,-0.30561065021904865,-0.5144889265501178,1.4724621107240474
-0.7605556964963536,-0.3689222527774687,-1.0,-0.6993276664456369,0.7677778313509329,0.9977951383457403,6.780293009429028
1.0,1.0,0.8434382254023296,1.0,0.4889259430958715,-0.7924292696103554,-1.7201899582831244
0.8985461697624987,-0.1772684404173261,0.5472062419481996,-1.0,-0.4546098176809519,1.0,2.1724899711732624
0.8494201065220314,1.0,-0.3084195705088856,-0.43017695866706623,-0.7014581554353352,-0.6266312305729957,3.668855024612536
1.0,0.502999437669775,-1.0,-0.1069451555925841,0.46767091024738583,0.4222384907494404,-1.044410279849234
0.40086059889022607,1.0,0.7705892671358483,0.7070358266623871,0.20363432154384056,0.7358272607075274,-3.1733127024165757
-1.0,-0.41103103003509234,0.9111795599605911,-0.31320966138746814,0.028192424270263583,1.0,-2.542122823289908
-0.5850434528103283,1.0,0.25720519274276676,1.0,1.0,1.0,2.6261505943540304
-1.0,0.41817127386799585,-1.0,-1.0,-1.0,-1.0,1.8651898929159718
-0.44865518159747975,0.3285239618635257,0.04999140603452501,0.33705976331315374,-0.15468364017192343,-0.9190964891697053,1.8443360148510748
-0.4203990978639148,0.24568014883716988,-0.2932635388374954,-0.20977675492508002,-0.9850186264830131,-1.0,-0.2661331743222754
0.5202018465689111,1.0,1.0,0.7191226810511853,0.1868845639242822,1.0,-4.785923276608843
0.5195052586082984,0.8648361899331668,0.7835813294257405,0.31231148360456984,-0.34105059662769927,-0.9656387383965593,2.0679024630249305
0.9717858424493793,0.5010981951780866,0.9232614352276076,0.888720927903653,-0.5557445600889963,-0.40671283370217104,2.8652694507586998
0.8534799601335765,-0.4350847620235877,-0.9261750706673231,0.6635339529982153,0.07949503382075457,0.3201524751920998,1.1153352350287682
-0.7928578204472011,-0.2502708818880863,0.35251004282268295,-0.8474243933112235,-0.3716287731111376,0.71590304213767,-2.2911976279184323
-1.0,-0.7045464350868123,0.00814663534636828,-0.5167976203771774,-0.014685019743509331,-1.0,4.715163670595332
0.866996159273244,0.9309831791558054,0.44922973481722583,1.0,0.31702460176157254,-0.7270324828084117,0.7329096681870716
-1.0,-0.5413826504516372,-0.6322531712349542,-1.0,-1.0,0.8743862258195465,0.8234591106067433
-1.0,0.8630427911321489,1.0,-0.1541693073301174,0.09107851448270043,0.3714578675349045,-3.499185097694164
-1.0,-1.0,0.7614105367265964,-1.0,0.3427678677983895,1.0,-3.494837065888149
-1.0,-0.9576361589921207,-0.7864489972998769,-0.6695839075640765,0.9949428574914131,-0.5527458830382842,-0.14567974448889404
-0.5113658495736813,-0.45858945541274254,-1.0,-1.0,0.654483658378226,0.2687402713039375,-1.4168023837988435
-0.5151632253145302,-1.0,0.6099703358133194,-0.6008526320696113,-0.919346816718037,-0.36438074017446714,2.67854523825409
0.20598482598764223,-1.0,-0.15278229122125225,-0.5695485720068523,-1.0,-0.42604359664842295,4.079962632003713
-1.0,-1.0,-1.0,-0.8259104564389044,0.24837907363168577,-0.019712815632107417,-5.421425812535752
-1.0,-1.0,-0.6356572501888089,-0.46710292746136384,1.0,0.22580017720018852,-2.1103394156665574
-0.8406474697902451,-0.21038176435732092,-1.0,-1.0,0.2665425584165563,-0.2985594426200494,-1.6182591222031624
0.08219003958241766,-0.8418560193833442,-0.6228683698541297,-0.6440188821079803,-0.6282501440573584,-0.7859746038293722,1.6590559439786197
1.0,0.8747525413579254,1.0,1.0,-0.19277699510592305,0.16904249393527881,-0.9368327336204239
0.06580901633871639,0.6234006702265593,-0.5231796323268071,0.1959549461718837,0.6022759278033127,1.0,5.645342966673279
-0.4601277170968759,0.6598778816837197,0.11563858702037647,0.08273278710906729,-0.5190847509878698,-1.0,0.3633225512622006
0.22051237519571146,-0.8012678217596831,-1.0,-1.0,-0.662169736584935,0.7466638537145789,2.9066423176573566
-1.0,-0.5239475730403866,-1.0,-0.23755492381956267,1.0,1.0,7.311604099493881
0.503875953816816,0.026310990900530573,1.0,0.21338144462386266,1.0,0.7666222792379604,-3.0006765682011665
0.4966306519803258,-0.12151014768188856,-0.42782764269940743,0.9456024437482322,0.17678232420188883,-0.040695859847774574,-0.5030989775819462
0.5129052506821115,1.0,-0.42575882201637855,0.6867735686702006,-0.7469690885416657,-1.0,5.289297595969361
0.12901473092070492,0.746766605570657,1.0,0.9054815881811767,0.21199853099466953,1.0,-4.235047667122435
0.1578474758499224,1.0,-0.8443002352757827,0.7619026648048051,0.17942548647461942,0.7089553585599505,4.224081333882751
0.44823242469926783,0.927617715264254,-0.026518189232066502,0.8000606521578415,-0.6219364823458784,-1.0,5.9488134457926165
0.021345763703095766,0.26970565563307636,0.6971187519577053,1.0,-0.8482948961622405,-1.0,2.5084743063775266
-0.4227652290587929,0.3263243291165324,0.7460318018593199,0.18357941436743921,0.03560695906362499,0.37350891595394625,0.031610186944209695
-0.616431413437778,-0.25148487355930826,0.532674195244115,0.8650747176886706,1.0,0.9109931161534303,2.960865680279226
0.6029928293354172,-1.0,-0.19133080120951446,1.0,0.08032906250065364,0.34954937596334246,0.44118514887894605
-1.0,-0.13784511656633924,-1.0,-0.08566658861597942,0.9956978340801163,-0.6817199391129074,0.8630945584228907
0.7544427768994955,0.3275760211393466,0.21966921868304445,0.5095948184634438,0.13313068256310656,0.5460532157156842,0.3725503982616718
-0.40044025681334783,0.4473316425105234,-0.23197492934927033,0.7019203403401452,0.6794022712364671,-0.4218770462311593,1.2261744223896403
0.29543740312691014,1.0,0.8945435314961684,-0.6418028837133553,1.0,1.0,0.5274619839953603
0.8706095647594622,0.5959579321248889,0.2793468512415579,-0.2928678051668377,1.0,-0.02276712604893416,-1.5967609990575713
1.0,0.33470753766252487,-0.4043003444487985,-0.41575109928329645,0.1933264207851304,0.4059776540586243,0.3503177280643434
-1.0,0.5112943883634296,-0.42832452095836926,0.6518546619161796,-0.5756977202284668,0.2558160517423137,-1.6004888337554195
0.4819159079514672,0.6644094872786244,1.0,0.5474170321807408,0.7843530298893379,0.40273515401999793,-3.5331617135505353
0.16973844559684426,-1.0,1.0,-1.0,1.0,-0.32805466245846876,1.6522858375273013
0.011395736743934348,0.5184283972688375,0.8567826941444623,0.8261126191768315,-1.0,-1.0,2.704824881609367
0.25515208263168276,0.7217368216189457,-0.6638922958161688,0.6883467451078261,0.5190113336420796,1.0,5.002742304553481
0.06201059223454819,1.0,1.0,1.0,0.6684470462215085,-0.860806697490371,-4.588973877046558
0.08172261676912151,0.591158670604556,-0.3492062624348595,-0.7188560170425825,-1.0,-0.2902025301038522,2.346236528145681
0.8395215003506167,0.7097451276156592,0.9456671252191762,0.4728878675739343,0.8419472486298842,0.6663028622324301,-4.84906756273592
0.36095959369768815,0.006805225537997117,0.40289437120398297,-0.5635474347983965,0.41380848618102917,0.7415621698649433,0.15133587241647511
1.0,0.19882765910176453,0.43821125165095043,-0.014541569166331203,-0.1410344989139109,-0.6224784075259702,2.4147862772281807
-0.8524971848409904,-0.3218229893612543,0.7690304084256621,0.4086162971595253,-0.6701045677117063,0.1906337723581194,-2.7998976019998807
0.5851395635129826,1.0,0.4118527912500558,0.2356765023170495,1.0,0.8580418479145269,-0.49486136967911365
-0.2779034597049932,-0.30233488738892317,-0.27827550778691545,-1.0,0.5504436662459917,-0.9347442166424254,4.691546366124063
1.0,0.34289485008479526,0.08182143795181518,-0.7204051665751626,-0.39057556301190854,-1.0,5.226511347178459
1.0,1.0,0.07376380385187686,0.5803258210813215,-1.0,-0.8561253712096235,7.5848050464382375
0.999662548617972,0.6787548045384015,0.3325258002938354,1.0,0.35898980172933737,1.0,-0.1904623136202106
-1.0,-1.0,-0.4642577147904907,-0.42348245727051204,-0.2613857185508266,0.5866872691988837,-3.5441175778911465
0.9295641951912799,-1.0,1.0,-0.8154489506254545,0.03540592913034313,-0.8471457124746338,8.128082166037068
1.0,0.9559199507417351,1.0,0.1547553770840634,-1.0,-0.14538707752243984,2.196921168070819
0.6338355408922132,0.7777563122550357,0.7701294479438122,-0.6944804416107028,0.5167961450254479,0.45192106685839556,-1.566296409564194
-0.6966621883387233,0.2455669871485573,-0.6504896368943255,0.13806173848654862,1.0,0.8609654658892187,5.251270885787195
-0.7989261743736111,0.6602240506166713,0.14173926420254027,0.590027991524433,-0.709271832508631,-0.39274443555003935,-0.6900185661669045
-1.0,-1.0,-0.17569468692723345,1.0,1.0,0.5798117429286419,0.40726823740780704
1.0,-0.9825062479066846,-1.0,0.8285245694776093,1.0,0.5079605841374373,-4.377907083420431
-1.0,-0.7671180776439064,-1.0,-0.8250577488185887,0.14077426298004425,-1.0,5.495568394750245
0.29749041927370506,-0.7537166550069849,0.909859067315256,0.35283307604511377,-1.0,-1.0,4.811208502824554
0.21918518046583507,0.12601182328551236,1.0,-0.09111541991477196,0.5538001381806261,1.0,-1.7935179146432423
-0.8618520692921003,-0.9978116149146434,-0.5893329879098517,-1.0,1.0,0.4195264019963389,-2.219062383302804
-1.0,-0.5241465465254735,-0.08568770515382634,0.8808016169106695,0.07489883316798812,0.06034796394713088,-0.39019908238593703
0.07320077128851685,-0.26051241688711924,1.0,1.0,-1.0,-0.5418028920032468,0.35833693211809703
-0.5249462139688882,0.6762319555629327,-0.6038689537195484,-1.0,-0.8703281596729744,-1.0,-0.6332231582483315
0.6209272119694003,-0.03546160452904984,0.4012690415023913,0.2277841247320756,-0.32222755228274125,-0.26272212551324664,0.976882149264633
-0.29214864788633654,-1.0,-1.0,0.09472551998000109,-0.891513752480058,0.7962573144064983,-0.4934804925637921
-0.6762225054912006,-1.0,-0.09818169848135616,0.5398419134800685,0.47673974018766674,1.0,2.5915707435509243
0.831263118664586,0.15104533851977311,0.6042116677781988,1.0,-0.24454962881359088,-0.999164225353399,4.667143873455305
0.10122683176396235,0.36690654342006246,-0.008327965105088576,-0.39460862587315104,-0.32723319176873533,-0.28580009651800053,0.8059410092546085
1.0,1.0,-0.011025323011214838,1.0,0.2550022832189779,0.5987895941921967,0.6746522025578698
0.30077625331534985,-0.8580518731224,0.13603823924879144,-0.9347257778033116,-0.34849611779549605,0.5126039244696503,1.3238047269223965
-0.8604093302704072,-0.5668683763832718,0.11982787275612794,-0.12103954072582895,0.6060995671132301,1.0,3.97883077648685
-0.48017081816262275,1.0,0.9830321955177389,0.8745861905597079,-0.1641412379750482,1.0,-5.8443064527203035
0.6053750684717691,1.0,1.0,1.0,0.682723694971302,-0.014971665437515824,-5.925153784486876
0.2519748560433358,-0.6306974741640656,1.0,-0.5047960645452836,1.0,1.0,-4.236459816114035
-0.8513876728472551,0.04290552182997143,-1.0,-0.9421590635224673,-0.7652467631678376,1.0,6.794091670068311
0.13502227863689759,0.7447261588862527,-0.3586680225479896,-0.09531009529183875,-0.6413535720395263,-1.0,1.5393515787972731
-0.6267792205855574,-0.8003627369342994,-1.0,-0.8559587223276997,0.6630328817786368,-0.9123553420812716,2.5849504003436388
0.4825743120742214,0.5133755719496379,-0.28769875336444245,-0.05888050858507504,-0.06365869217202993,0.45649845157641433,1.1117906163021438
1.0,0.03832277195340872,0.9699290460482707,0.02193648603917686,-1.0,1.0,4.204761296813952
0.2865825918143203,0.8846521792143572,-0.34619427969367483,-0.38780612980600093,1.0,0.13680802250050478,0.3616245932925306
-1.0,0.5220124402832955,-0.6139445280163158,0.152657114734369,-0.801440058039667,0.04718521046811697,-1.5204132094551435
0.703524386259156,0.02840745975056068,-1.0,0.6953293418641256,1.0,0.47354953171957415,-2.28739170364718
-0.14412902076246903,-0.05811053308753289,-1.0,-0.5780952366158256,-0.4388392283729174,0.8788042625497567,4.536580411694501
-1.0,0.9721072425431323,-0.0780140139575296,0.8509814983571609,-1.0,0.3241205578675774,-3.2090683140158127
-1.0,-0.6482325964429321,-0.15599206474398303,-1.0,0.08676490640931322,-0.2846272035567522,0.38383972770676883
-0.009362430999462601,1.0,-0.1621238441212041,-0.008892310569319162,0.187446224914894,-0.512406039020727,-0.00530820567027146
-0.4048822311577589,-0.5502476509962348,0.8652687938244599,-1.0,-0.47613182291712014,0.04732430167739532,0.6006905108148008
0.6046952991955892,0.38117707640464304,0.191230517349258,-0.3089530214163668,1.0,0.1419585940468483,-0.9455597539202754
-0.6209034719605452,1.0,-0.7135641320725774,0.5818282371726506,1.0,-0.7689405511995085,4.0054612269461725
-0.018948297982778778,-0.747297677486884,-1.0,-1.0,-1.0,-1.0,5.234082118366158
0.23770984427291642,0.8953365715742974,0.6584457463224209,1.0,-0.19251432567248983,0.21243660116722074,-0.635483907326701
-0.9538788606014216,-0.2863160612197011,1.0,-0.734347019606003,0.3161475874343008,0.5077733240270212,-3.4735677595363383
1.0,1.0,1.0,1.0,0.1524406396915965,0.01540936173404206,-4.180154680703884
-1.0,-0.42018160236571767,-0.5540598658623732,-0.49481654458113566,0.3741445784947125,-0.5895246071106436,1.7835764736339623
0.44204458934317337,0.9861206033969664,1.0,0.9538061547915853,-1.0,-0.14925449503979404,0.07000440751774972
0.019553604853978543,-0.9856514143536892,-0.6835270012312594,-0.5515267084615361,0.8650828284891638,0.24733858993397412,-1.9981035441667612
0.002861351339727286,-1.0,0.24313710625290824,-0.6671588088115114,1.0,1.0,1.2518231810189562
1.0,0.6194818658729973,1.0,0.16223987712972932,0.4741443624061208,0.6423355672036886,-3.357409103784742
-0.765284554640631,-0.05798900476673907,-1.0,-0.1089449287646651,0.7089561950646112,0.22823131987520281,-0.029912155185613742
0.4623879698430875,0.423582202725228,-0.5276868424090839,-0.23401713774985766,-1.0,-0.6626108648652151,1.297348847624168
-0.08248239014051784,-0.6120373839844755,-1.0,-0.11149729882666237,-0.586439163785603,-1.0,2.763861425314392
0.646805708253565,-0.18088853235038693,0.5267888898321341,0.6658008596790927,0.4585465141903491,-0.22975023611411943,-1.0470128919059758
1.0,0.3351736137314546,0.3298516011420024,-0.5684174355637248,0.4210378688345298,1.0,0.5870826694486311
0.7287671725791924,-0.1058599085248636,0.8305692119020888,0.15407934074186258,-0.07762638512232804,0.6676537149081716,0.3587487037878422
-0.731725783462064,-0.18303009381033525,0.26948605050025665,0.07903912014465958,1.0,0.5373440781171712,1.5537044834164635
0.2324265676421003,-1.0,-0.10011389308597879,0.7112646034285126,-1.0,0.10793428701283281,2.756975187967914
-0.9973120327503573,-0.48680652358977083,0.1936706639617063,1.0,0.5623887036031635,-1.0,3.294526587481819
-0.13287252051749807,0.7188128189176861,0.31286709294955656,0.2946421053354319,0.6263803537875168,0.15728704780601005,0.1192443195592604
-1.0,-1.0,-0.8200188480263921,-0.4340690762357089,1.0,-0.20667101698412538,-1.513913427232044
-0.26470607694617165,0.12684567648620632,-0.008949952090653662,0.6357165578202563,1.0,0.677585103854622,2.2372632526212772
-1.0,1.0,-0.49441130538343747,0.0083163185774624,0.5577008123768022,-0.7294233281467069,4.019210219029629
-0.11024814399901822,-0.37453258627641245,0.5773644673187721,0.5563805742430973,-0.6276846004610028,-0.5879869615866081,-0.07444307665211891
-1.0,-0.4483562535285644,-0.9036078845404023,0.7278357170356698,-0.7524566090409984,0.9030507785122401,1.551643402282945
-0.5164965183248522,-0.44937264322813264,-1.0,-0.6508143140663225,0.19346073756438412,0.5096147808801168,0.017634352837924527
0.6893738191198903,1.0,0.4548255604151297,-0.7020462370948168,1.0,0.7892538158002766,1.4972078696842563
0.7267531532439804,1.0,1.0,0.9135785408011374,-0.2856967264529223,-0.1557311119050625,-0.766872396029842
-1.0,-0.3272762076955871,-0.32521129119018305,-1.0,-0.9805571154715329,-1.0,1.2400555524561678
0.6451867478177069,-0.10009287470293421,-1.0,-0.12113995676605824,-0.05146989083664821,-0.38372819877730935,0.6074380800291264
0.9707571438013164,-0.710946159133901,0.40648058732559655,0.7844255436158905,-0.4662417041649114,-1.0,9.386643269978256
-1.0,-0.6466384329522921,-0.4179943238501266,-0.6106679217855797,-0.6869134919639837,0.8237701421053489,-1.707557739565374
-0.7758157236860601,0.38430973235560234,0.1041357662488927,-1.0,-0.9433219304209817,0.46525323846859445,0.3074669267071833
1.0,0.3739589145206284,1.0,0.46369105725058457,0.5455024944575526,0.7839684671453511,-4.55118194506095
0.8981153670955253,0.34758806069445874,0.4447435033828226,0.13228432767574902,0.6745737749487797,-0.06711886273524215,-2.078154649257437
-0.45530259956182184,-1.0,-1.0,-0.42055064731607766,0.790429167095902,-1.0,2.6663484262293915
-0.9338261673015216,-1.0,-0.48746790994858713,-1.0,0.9343995617653149,0.3719819071808581,-1.6348941012307587
-0.13977406416412197,0.4330859383480723,1.0,0.9602480519915256,1.0,0.6877289573166399,-3.212583569720019
-0.023691242605031443,-0.5356383385334076,-0.7143785577195472,-0.20747271826794345,0.6024286878863238,1.0,4.173591477819038
0.27682373474206884,0.08294725001244257,-1.0,-0.26924433716754925,0.5787861722293108,0.13023510608657762,-1.8016398048393656
0.4934540590077934,-0.4353847905718461,-0.99782536980473,0.9094440891370942,-0.8375271953414132,-0.736536057479132,0.28765048741086163
0.03454115786973011,1.0,1.0,0.39579655418869875,-1.0,-0.7645280706112283,-1.9018623101220882
-1.0,-0.36558036301715835,-1.0,-1.0,-0.08723454903690975,1.0,4.028127726644066
-0.31232148440242313,-1.0,-0.8905173901228185,-0.00824349858935669,0.541328468182154,1.0,4.32623630851246
-0.8072815433194251,-0.1288758390863699,0.2153528400193928,-0.0204571126366411,-1.0,-1.0,-0.6580463193184053
0.5117003896836174,1.0,1.0,0.789095452863497,-0.516530161488692,1.0,-3.827038839364919
-1.0,-0.9739756011347125,-1.0,-0.6499205935938489,0.8614767986632403,1.0,0.529751312970768
1.0,1.0,0.8029548964858211,0.5712488933554084,-0.4937374682730624,0.6673541292881042,0.29781268092985486
0.9764159745967316,1.0,-0.47308485193309197,0.7196231492265892,0.9270053489158554,0.5468579562904379,-1.3885575539922224
-1.0,-0.6544186218736194,-0.23860898237576517,0.835137888722369,0.07967325196973785,-0.7530630480113594,1.2909746206287824
-1.0,-1.0,-1.0,-0.8264273560623316,1.0,1.0,0.13695526210933492
0.03866473553098354,0.9259964947542172,1.0,-0.7201712227564272,-1.0,-1.0,-3.0912405915483965
0.9506340293468087,0.0669605535544966,0.9163909673406057,0.6601575888132662,0.0990604963791861,0.4236900028102432,-1.0162325866164437
0.24798907273526516,1.0,0.11507303264278823,-0.24972854143462137,0.6472865980793666,-0.8476815531799683,0.5988259227066733
0.26946910784140377,0.5521761827628546,1.0,1.0,-0.6339036812516619,0.289682848586055,-0.826841113085804
0.2163426849459995,1.0,1.0,1.0,-0.19495146904641858,1.0,-4.858564121446127
0.7957798668842414,-0.21493946816071047,1.0,1.0,-0.06966098044810143,-0.14168432431234418,-0.04532151395769202
-0.49198567583725095,1.0,0.8938814486141181,-0.139855539868684,1.0,0.6512272038724978,-0.08200796231619645
1.0,-0.38901480403404143,-0.017518562158135742,0.9671669827456296,0.9586731150149221,0.6650237406499673,-0.8781213165251116
0.7232255455084919,1.0,0.9065683524780737,1.0,-0.9635825369941892,-0.13820535354427232,2.1608794152989326
-0.20626152400480002,-1.0,-0.14192088025557248,-1.0,0.17024312510894155,1.0,-1.3316500140668626
0.09272988737899879,-1.0,-0.0891382421720679,-0.011379187137010582,-0.3337155567380462,0.06965277820524407,0.08291736966626607
0.051113360837482524,0.7772434550651537,0.5948299577408142,0.1374133093494005,1.0,0.6075213179620019,0.35636061367710625
-0.7059461673766587,-1.0,-0.5389205612491712,-0.25031477751072595,0.3170716953528946,-0.08837445662225951,-1.1387772321453915
0.715780596843087,1.0,1.0,1.0,1.0,0.21771175598168263,-7.865772941255385
0.8778043189328937,1.0,0.4066391814338084,1.0,-0.03201509012446302,0.422915165372621,-0.7115750540935891
1.0,0.6942499455883022,1.0,0.9441304098414565,-0.5226170499812057,0.7240017058377655,0.3616630200092469
0.02746694133740374,-1.0,0.018345834544046244,0.14903979422415192,-1.0,-0.4341386695187767,3.718539996076971
-1.0,-0.6858929251786643,-1.0,-1.0,-1.0,-0.9179268396252853,3.696740149698943
-0.30198482083792233,0.2974125796385461,-1.0,-0.2308306790962844,-0.8497596528681657,-1.0,-0.14076150069196602
1.0,1.0,0.795496349997519,0.9969405735576291,-1.0,-1.0,10.442843489595724
-1.0,-0.7386311920906875,-0.742720067099361,-1.0,-1.0,-1.0,3.6941467694170966
-0.8529682672021306,-1.0,-1.0,-0.08387539029510471,1.0,0.07642731520488483,-3.327654510481172
-0.2879844491286151,-1.0,-1.0,-0.1808367831226272,-0.37620492220914026,-0.5745279676343225,-2.134379126729224
0.364978600389242,-0.13558765530471795,1.0,0.3052613329445584,0.7436999169580915,-0.808198800104759,-0.25599432369935093
0.28045077801346296,-1.0,-1.0,0.22487507629701528,-0.10816227636938475,0.4845172377495735,-0.7990973730701298
1.0,0.6979577941454613,1.0,0.7337853078353804,1.0,0.3237859359777026,-5.606024750816176
-1.0,-1.0,-0.8802192019322602,-0.9842594744689173,-1.0,-0.8462180051518473,2.823983750557398
-0.9688865113317674,0.6435492008777872,1.0,-0.832604646545283,-0.7758345118708119,1.0,-3.9125312467204907
-0.8243396656081471,-0.578797314587679,1.0,-0.7775595210523478,0.9315860282835678,1.0,-1.82085322373498
0.6949188653964905,0.5494932882972474,-0.9107929023809693,0.3295108542940326,-0.3723169958830691,-1.0,4.242209938641792
-1.0,-1.0,0.10632689320548572,-0.32500991197887497,1.0,0.8058593535503157,3.280547122155314
0.6483705973827454,0.5863296936399193,1.0,-1.0,0.6088115380275781,0.46783159298260985,-1.9052870727043105
0.7581980125077581,-0.43718879447621023,1.0,0.5624270302337702,0.2646567236795414,1.0,-2.294786480908736
-0.2624624376750351,-0.24081976256194193,-1.0,-0.00885289032963854,0.5540614220384279,-0.8499883513399812,2.307669955416543
0.12841279667758942,1.0,1.0,1.0,-0.14994570582495026,0.47447852664645307,-4.404214099712379
-0.2219450050185351,0.02554185296393685,0.27259692120218765,0.34874695257155464,-1.0,-1.0,1.4527567549697582
-0.49527194344972203,-0.5246510360013248,-0.2491303380433767,-0.41918225991762403,-1.0,-1.0,1.2966304094798768
0.2867499788939175,-0.1380067438810489,0.44383401720586846,1.0,-0.49456230992846395,-0.042498886685511605,1.2256802921402477
-1.0,-0.7642040451571064,-0.8784169091584269,-1.0,-0.21742590803846742,0.10017298978443107,-3.3706801190365034
0.0027914853753872038,-1.0,-0.2553216684217917,1.0,-0.8109574299142674,-0.9385652695212918,2.8797924148486165
-0.2848922641842482,-0.14174535285442963,-0.4082672670999841,-0.6663230493204069,-1.0,-0.8030550530097906,-0.06120147654476177
0.2378471074211293,0.17921043068685127,0.10305803063309527,0.4077427230293119,1.0,1.0,4.009449644829854
-1.0,-1.0,-1.0,-0.7329478825944534,-1.0,-0.5621750545094943,-1.8956622957429823
-0.7103245436778857,-0.9821569472220926,1.0,0.5918294606063794,-0.9122712816822811,-1.0,0.8860790116645336
1.0,1.0,0.1159198378792956,1.0,-0.4172944229817982,0.8507732795066731,3.4027844493279096
0.08260165106073214,0.8923078384575216,1.0,0.03447407993492127,-0.8993353479424762,-1.0,-1.9858066612122567
0.18403395748350945,0.8181440827276008,0.0402085027618147,-0.026440593041245436,0.47318041090111107,1.0,4.409442156470679
0.44345829930402414,-0.17183906147362066,-0.6273515577628005,0.4865211773912338,-0.40958830201197366,0.1892877578021649,0.902286108857005
-0.11321249602023942,-0.9605672953238928,-1.0,-1.0,0.6705270280412952,0.7842916108940916,-2.5324721860643415
0.9099563885087596,1.0,1.0,0.11413471038397738,-1.0,1.0,1.1781604537424597
-0.3005722480588585,0.6602737150424638,-0.5529856796563046,0.37144615848182105,-0.7230324571912261,-0.06044719255459305,-0.0978113968719688
-0.5428716760849458,-0.8393082483830754,0.7158174959966941,-0.0099546729666328,-0.2854974750785515,-0.5686317251888111,1.95477407107985
-0.14675812726193693,-0.016470124588968127,-0.5392769425618712,0.43653351571932736,-0.20352525987936637,1.0,5.036746509953502
0.3237142256711416,1.0,1.0,0.06545182089287271,-1.0,-0.5800894814423467,-1.321008708446965
-0.04094598274135161,0.3957367562520262,0.669967704173123,0.6527888725680585,0.7263336098567142,1.0,0.1474105753842858
0.215219356538216,0.3332934270726242,-0.6516714779726779,0.642161086306191,-1.0,-1.0,2.927274971773719
0.11789120157673805,-1.0,-0.6416637607089966,-1.0,-0.014081743736069519,0.06485017972502172,-2.1506099974012387
0.14396541238186322,0.29436592999480027,0.24437660514767123,0.6288330871957297,-1.0,0.7813905619327381,1.1372668689533696
0.24087916697093337,-0.40280069577102484,0.06704464943123012,0.3596444247206455,0.5635652261351779,-1.0,2.6204974348795442
0.8315453245439024,1.0,1.0,1.0,-1.0,-0.6373556874547784,5.974112347269988
-1.0,-0.9138605063919185,-0.7960758128282803,-1.0,-0.861456481983154,0.05943276955693083,-2.3265776921061074
0.12180421108789796,0.9761957756569432,1.0,0.2189759660148688,-0.4450352707212508,-0.7209193146212367,-0.68869062493829
-1.0,-0.22875065021110252,-1.0,-0.6888048794780739,-1.0,-0.8376593183672447,1.2938324607220018
-1.0,-1.0,1.0,-0.22429778739070758,0.4453571761055872,0.7975211572009115,-0.4653591638865351
1.0,1.0,1.0,0.08430294010893968,-0.07152574587156466,-0.8253664929029609,0.15684772738863323
-0.32625028278387735,-0.7004384847390012,-0.645564990863102,-0.3541303824596711,0.044122898194086324,1.0,2.7553099421129135
0.12585134828482158,-0.40352714835878334,0.06139150617953732,0.8329849753141982,-1.0,-0.16362313730591704,1.602520226397303
-1.0,0.020788195182364966,-0.996369176423025,0.371159971751187,1.0,0.0415394073188502,-0.9656310097296911
0.292783130744696,0.038179062916052775,1.0,0.5991497457238768,0.600668174205529,0.5769589690891134,-2.226250941036439
0.7402230327941501,1.0,1.0,0.26355978231431343,-1.0,-1.0,2.013276672339073
-0.3223960079923027,1.0,1.0,1.0,-0.13252372322136918,-0.7313696785201785,-1.9933928015098168
-0.4062446241721298,0.6181847656757589,-0.10027405372604324,-1.0,1.0,0.5314646754211663,4.914764862498359
0.816942695687052,-0.1965970321835528,1.0,1.0,-0.023917316629718487,0.4773880613722599,-2.5553577231167224
-0.11000205101782276,1.0,0.31760542728595764,-0.6793362548244928,-0.5544792283979496,-0.8304888305765079,-1.084517479898866
0.3860465130476113,0.10592570264573531,-0.31271475446190444,0.697716086066104,-1.0,0.4025050533207213,2.185001639057951
0.1349240667782238,-0.2582581148149974,-1.0,1.0,-1.0,-1.0,1.8893051134249665
-1.0,-1.0,-1.0,-0.7188133298501835,-0.38873144637134327,-0.8535494001687074,0.32347988690566787
-0.8188213373718799,-0.2702743982694582,1.0,1.0,1.0,1.0,-0.09963903631529897
-0.936841331751764,-1.0,-1.0,-0.9361055394970849,0.1674475204320934,-0.23339894358673285,-6.1310877463374736
-0.5108269572614695,0.1984631280952116,-0.683131986684504,-0.9697471672445261,-1.0,-0.8980278981208691,0.03142428757874599
-1.0,-1.0,-0.5696087636313915,-0.8025303788635274,-0.44833769828279163,1.0,-2.6969824476497974
0.25303500531250733,0.453158125233341,0.15616416508124842,0.23048972415926386,-0.8414863903915377,-0.05319302519605107,0.6970612662527835
0.09981785457804482,-0.53469591106564,-0.13231890905683022,-0.17241680350209898,0.7983403499240863,-0.09821332759597556,-0.25874222502707844
0.34443533885268973,0.31044104034442377,0.20315993370940744,0.08480990546469003,0.8935407837137949,0.6034804213071872,0.5160613847297519
0.7988275094982243,-0.9921734977415184,-0.4449123652485256,0.15325310433562983,-1.0,-0.1928280034666079,2.6920515257625843
1.0,0.5924613011925892,-0.8478737270196847,-0.33359543816612125,1.0,0.0692796172399115,-2.464192928908202
1.0,-0.026747800033423363,1.0,1.0,-1.0,-0.9983966297268976,8.18315706911448
-0.44890255712655064,1.0,1.0,0.7705124092060189,0.5307307848317562,0.371659415536831,-5.309000679386141
0.22838058179765497,-0.45964295121594106,0.7584682599342278,0.4980462431671975,-0.4900669132854032,-0.7389806484425455,2.7679222569794755
0.9338188992849594,0.5841259753906877,0.17380604480841522,1.0,1.0,1.0,0.5514912136683819
-0.48551195509345396,-0.19628502378680102,0.8203420589300912,-0.23342643654939316,0.12615207694228636,1.0,-1.2180366356781631
1.0,0.6071586356986229,0.3507192698263435,1.0,0.039717595561664876,0.8689797731227715,0.3282922571739684
-1.0,-0.020851415756763636,-1.0,-0.3197911964441671,-0.1949582436693541,1.0,7.261923486512979
0.8306286805377132,0.0623381938115426,0.7027282598191091,-0.009465291851203844,0.2429522020930377,-1.0,2.913257430500285
0.005718195193211817,0.8595218420481869,-0.5045384239107731,-0.4112399329801728,-1.0,-0.41845263453676496,-0.6675315447114389
1.0,-0.21478317481492004,0.31669156541436294,1.0,0.7320434251865962,1.0,0.8559740734905267
0.7490944262172683,-0.47348972652184795,0.7166807215963029,0.062987792275913,0.7240347726981133,0.583791935912407,-2.93130109208938
0.38105271585826306,0.5525296681897778,0.3204532892095485,0.4926170591426061,1.0,0.12710895543587375,-0.9292062878664036
-0.9175197113084903,-1.0,-0.9627641952730176,-1.0,1.0,-1.0,3.254182106080287
0.6314767786633958,0.8282653506957494,0.8125124472061409,1.0,-1.0,-1.0,6.9662062353866485
0.6106085358584781,0.07012289636578584,-0.637251895539023,0.4290034433381339,-0.4513780990856504,-1.0,2.825840088816841
-0.37276214329486734,-0.37309927049817926,-0.38460605965256445,-1.0,0.5203719562131144,-1.0,4.654647030181594
0.16398662734920588,0.4120232568612634,0.6646197362051827,0.9575968464446725,0.26199097542650296,0.3893288529013602,-0.42618052418798735
0.058488112502031786,0.1282257098394889,0.1440854649781549,0.8020072870682364,1.0,0.5562875346904078,0.8184203241171077
-0.10755819481070737,0.17721564249436939,-0.25723598689618243,-0.1437510015781871,0.0021183887849807875,-0.4318320650081843,0.29643146030951545
0.3745230240175111,0.6132144778007653,0.7685976736781903,0.23936593817232538,0.24557778223284377,0.37112932505749674,-1.0358702213373652
-0.8682457305945774,-1.0,-1.0,-1.0,-0.3543949661181337,1.0,-0.038926767430134346
-1.0,-1.0,0.32065529490986894,-1.0,-0.7637187104915437,-0.9263057327491726,5.937523988930435
-0.8245970821054351,-0.036242987090279066,-0.726964860881788,0.038543977083287384,-1.0,-1.0,-0.9547825517887111
-0.2024786355444923,-1.0,-1.0,-0.18626743516553823,1.0,0.2918859795415001,-2.855829321246481
0.6863832216854495,0.6085637347606181,0.28130485448331455,0.6029437683317271,-1.0,-0.43907821776255473,3.2653227528746736
-1.0,-1.0,0.055204168326282055,-0.6011587870932286,0.9745759174422342,-1.0,9.52629037398602
0.6124300659013233,1.0,0.038128102932132535,-0.9267117457799549,0.9424278126740349,0.29991152999464976,1.706150979887788
0.40644150987856414,-0.17612376454537038,-1.0,0.680457454935434,-0.1467717676104809,-0.1884926504281146,-1.4536246144246043
-1.0,0.04256222350229549,-0.17689804683069082,-0.529270928479066,-0.9936448143418419,-0.039840335098607405,-2.9654265618043456
-0.0008936507222031542,-0.0886761664597876,-1.0,-0.08452057190005191,-0.8921353449272147,-0.3643343159911212,-1.3641560954401155
-0.130782841764563,0.31199072972339953,0.05877582055651975,-0.1483643942628049,-0.3809407171547508,-0.39834247895318553,0.49405200250558534
-0.7803640869204274,0.3859031235726248,0.22159515801881202,0.23226112498240414,0.5640948728794253,-0.7001282186800655,2.2063929357051224
0.4421491296133149,0.7267925348081415,0.2105454748996196,0.15856985534136603,0.5613107245536006,-0.535258453895773,-0.23231039788566618
-0.014067751084650082,-0.25887101314745764,0.36878709958306133,1.0,0.11709936373086943,-0.09670933551911964,0.19727964433935083
0.7594735864418893,-1.0,0.9866349737090759,-0.8813255123589316,-0.9917598108763077,1.0,9.147309175081718
-1.0,-0.2377879009075634,0.38415900264564523,-0.6020219210267734,-1.0,-1.0,-0.10276982612893065
-0.13314467960618562,0.46150321804304983,1.0,0.45620519236034845,-1.0,0.4973257058938896,-2.2410697828710897
0.04083200533399975,-1.0,-1.0,-1.0,0.22757265833224413,-1.0,2.9997220122447676
1.0,-0.7482134323943512,-0.3821794905119475,0.36912861046088363,-0.9684421065067477,-0.9501660137059584,7.617472479577753
0.10585097794191911,-1.0,-1.0,-0.6574076854694602,-0.0590147786983386,-0.6924109651178829,-0.1739946527547821
-0.225705410737146,-1.0,1.0,-0.7122738023254247,-0.6001727608761926,-0.020097210343578406,2.9007050449604015
0.5759750104985886,0.5042044092387359,0.6269778358995768,0.46920391438631714,1.0,0.8104767705765364,-0.7534894256437922
-0.309143131485074,0.228685259426185,-0.5712746594295415,-0.685138822504594,-0.45922552267008543,-1.0,1.6524957722128661
-0.030334245897920498,-0.28055888635376924,-1.0,-1.0,-0.13731249033525306,0.36271898034743877,-0.690483689745563
-0.13043842662634741,-1.0,-1.0,-1.0,-0.33384115265921077,-0.4589052297640852,-1.4722569521464586
-0.43813898703778453,-0.9615173176640239,1.0,1.0,-1.0,-0.632435385059671,0.4753075362313615
0.0852004441976626,0.884227386001702,0.7614504755122284,0.698130687826453,0.41852070794955787,-0.17895546417249922,-1.3029443945783248
0.22621755651359476,-0.001053672154240029,-0.11716698263667702,-1.0,0.7191085042151405,1.0,4.498383756782688
-0.34762215244353123,-0.9269161556110694,0.25746885771195493,-0.4720955039152206,-0.1001582981322866,-0.7912227536480967,3.7925651183944193
-0.04650584364560101,-0.5225448383359106,0.991023896698563,0.3635037266290172,0.6107642519315835,1.0,-0.8886325409911736
-0.835097283209252,-0.6293465222443845,-0.987107529500806,-0.46229933040766946,-1.0,-0.6416904238466004,-1.1012514918200376
-0.30574927062660745,-0.73959389273291,-1.0,-1.0,-0.2082313406427494,0.5301023150727922,-1.356134666983904
-1.0,-0.6028346674424601,-0.21229324730596733,-0.11275880904658031,1.0,-0.4872490770705414,4.893924703711073
0.18571171934445832,0.44652173362218794,0.3286618213804421,-0.5961364294584456,0.670330125305838,1.0,3.1710719693244047
0.6143360898567161,-0.7921452701698672,-1.0,-1.0,0.40482228176299484,-0.022355527124581276,-2.972479026861364
1.0,1.0,0.10681552461604471,1.0,1.0,0.3006311908414594,-3.1486239303628283
-1.0,-1.0,-1.0,-0.2839178040293997,-0.0184875460618259,0.5402327235198414,-3.8253583419263997
0.7731778490223701,0.40880293458378086,1.0,0.7577669983365096,-0.5079463154034451,-0.16322513501507374,1.123108310244022
-1.0,0.9635744367707102,0.1817792825265927,-1.0,-1.0,-1.0,-3.089043286792225
0.7766862381623747,0.8107604389259069,-0.03351847486348025,0.4337829539646805,-1.0,0.8302408293723033,5.814176084427425
0.09839803820096497,1.0,1.0,-0.15198331393353381,1.0,-0.20821089699749717,-2.1454347105208504
1.0,1.0,-0.7900033230082,0.7047640783678772,0.14244141269879984,-1.0,4.198997601747939
-1.0,-0.5363027073455456,-1.0,-0.6198258542331081,-0.7222541140500448,-0.9496111787683076,2.640985769452315
0.3541742935955548,-0.021942378967237636,0.3774851182866817,0.7074057075574902,0.6721815943202445,1.0,2.25212305089773
-1.0,-0.6275295141752205,-0.6865031544212639,-0.4968565614615595,0.22696831262018158,0.47205888192931744,-0.0035672945996465533
-0.9464683521687647,-0.6016597470663325,-1.0,-1.0,1.0,-0.5214584226558179,-0.43768089905096647
0.34578864515271557,-0.3179769898097356,0.22123740097984282,-0.21044622140618646,1.0,-0.92110137143479,0.35035090833675164
-1.0,0.2882950557984184,0.6992643259479354,1.0,0.5741928633603304,1.0,0.6729214971322196
-0.06797958138006654,-0.27604439691429083,0.3746050889093023,0.06376255829044325,1.0,0.6024514067282762,-0.3384940155618061
-0.07834031913063988,0.05920232447859983,-0.05680681097366569,-1.0,-0.6056311520293147,-1.0,1.927225611424111
1.0,0.8099764149166415,1.0,0.4581423473607027,-0.617936706865475,-0.18769815707703946,2.5775954231020624
1.0,0.3952989804659933,-0.8876204081934167,-0.39280021644665775,-0.7352877206341479,-0.6498067097676485,3.1783577300857058
0.36169704680120035,1.0,0.03086589825903807,-0.24042095489660592,-0.6047575070900755,-0.31601430755429866,0.15477539516815442
0.6628189766497531,-0.1954350287158627,0.22045931955062514,-0.7890777375809728,-0.6970654888312,-1.0,6.683975917205859
-0.4320359150594868,0.012909566377064335,0.0962823663687109,0.12814250341957945,-1.0,-0.8388167391688635,-1.0440895008335815
0.548912937796204,-1.0,-0.3017250299713803,0.8704722108887468,1.0,0.3341100700384456,-3.0243061116617325
0.3916826525112891,1.0,1.0,1.0,-1.0,-1.0,2.730151388169279
0.026967820222325134,0.14410605140354682,0.5935076157945218,1.0,0.3535396180704872,-0.14663383723642243,0.09944330885292646
0.4499923598757657,-0.45663469264608736,0.11650115986900156,-0.4915672966561621,-1.0,-1.0,4.87198795480489
0.0810752224586252,0.6025079580993642,-0.1690160515739724,0.440480554662548,-1.0,0.06010876441107382,0.09586383570339024
0.9453218808937146,-0.6851723131817262,1.0,0.3794239445758879,-0.5683909144453375,-1.0,8.14264497673958
0.9038277732998449,-1.0,-0.07170591467578458,0.1982415263935745,-1.0,-1.0,8.507304533716965
-1.0,0.5781877857967854,0.7050967959173638,-0.57791218158787,0.11036861454224797,-0.9918149692655228,1.2007058059883353
0.4412554303883549,0.7943281846563306,0.17491968028464222,0.9306395857181115,0.6527017463682181,-1.0,1.9873677411770567
0.5424409099528269,0.02903173267393666,0.21948408250462803,0.9010709090298443,0.3940058948208065,-0.13746277744527435,-1.0700536590769594
-0.7746092931454422,-1.0,-0.11784127617159385,-0.8608278487352812,-0.46738768904514727,1.0,-0.5251273785187945
0.13308270719128001,-0.9924974434514329,-1.0,-1.0,-1.0,-0.6961777480800712,4.787226187223219
1.0,0.03220240126112528,1.0,1.0,1.0,0.471052341827894,-7.2053734828852285
0.15957277105402268,-0.5768289819492728,0.137063993310794,-0.6292431280089202,-1.0,-0.5820166478751565,3.5674033605991684
-0.3605462914665275,-0.1623435124244813,-0.31646281853531844,-0.1510644709028428,0.02655096801599227,1.0,2.4945883646675853
0.04616429039897274,-1.0,0.2859876115070349,-0.38354044625253136,1.0,-0.8614548530258719,4.966269665693803
-1.0,-0.48281167435540584,-0.4904294649077796,-0.5886680489278644,1.0,-0.08955671067152937,1.8385056786973129
-0.7578180873483041,-1.0,1.0,-0.7568020408881874,-1.0,0.2817191270632038,1.1470586233654942
0.7793690546306878,-0.42769819939361253,-0.8032693582277606,1.0,-0.8550281393453909,-1.0,4.623737079849802
1.0,1.0,-0.29303026629811285,-0.11648084494938721,-0.5339018156462618,0.708027418162151,4.656784363274231
0.06397762077909896,0.30549873311342,0.9920203113184802,1.0,0.11662221621434887,-0.65866506239969,-0.6575175363638925
-0.5443792205468848,-1.0,0.3541775811387555,0.7137154043766052,-0.8269310730398565,-0.06199295566328955,0.3328543949410909
0.10756397088526168,-0.3577441801470329,0.15824197625679204,-1.0,0.00813007570996005,-0.03889751695663668,-0.5869613137022167
-0.5885165912481559,-1.0,-0.42512373006687443,0.8694502287049803,-0.2876934373772484,-1.0,-0.04961117142009236
-0.3005273149574923,-1.0,-0.05034713829431037,-1.0,-1.0,-0.36496755858822794,5.954589458804854
0.07219398085074147,0.12764923005916307,1.0,1.0,-0.47991703209421976,0.33166021364346976,-0.8140100247898512
-0.22020930635027902,-1.0,-0.04987543333588107,-0.8995157865646721,1.0,-0.03877519165138166,1.0055522157167225
-1.0,-0.04916428337284229,-0.07256895320285617,-0.5181164788678194,-1.0,-0.9887041889906789,-1.1853886557759656
-0.5145276785487354,0.761766687437325,-0.018379017228431216,0.8841035699542498,1.0,1.0,5.612854651938791
1.0,0.9306159885736554,0.02111649778088953,1.0,0.4799566993148075,0.2726975895169122,-1.168437117386918
1.0,-0.2924172524849222,-0.3660356251009042,-1.0,-0.12596696514932715,-0.30276394179209687,-0.12417815165558976
-1.0,-0.5083063524972202,-1.0,0.5758645454748585,-1.0,-0.8552492039916949,-1.2677669542977972
-1.0,-1.0,-0.5896035048552657,-1.0,-0.5375624721086575,0.2966974279649732,-3.255786214774334
-0.38035670950847544,-0.49804387300179903,0.0042903218955780975,0.011454553448693366,-0.04798658510650222,-1.0,3.012922432876027
-1.0,-0.10732135821528921,0.13483512356901528,0.11526028931387661,0.761863205043982,0.2252449832751027,2.3441433916939913
-1.0,-1.0,-0.9700671678041322,-0.38497838825445574,-0.19241068056375632,-0.4143452634845515,-2.7518798894985386
-0.8953933258747508,-1.0,-1.0,-1.0,-0.6288706304335261,-1.0,2.4547665947095445
-0.00913475489032936,-1.0,0.16196960945048636,0.18809496455848518,-1.0,-0.07819283172592806,1.6952009713182206
-1.0,-0.12502769087506005,-0.4312250403911637,-0.9842315836933258,-0.9759265026638484,-0.8308413868054443,-0.37832158502572244
-0.8024614415549315,0.30930539166755505,0.9362088651683323,-0.8392307218218842,0.6314578267569542,-0.08939263462062841,-0.5356627088612824
-0.9720879968053133,-0.6857978532667827,-1.0,-0.2861317370439149,-1.0,-0.14107975892248725,-4.088235441988598
-0.01653406044697947,-0.23982492142196232,-0.8874618199383855,-0.8492853732237076,1.0,-0.023523896914426357,-0.4801740259551336
0.769984992386426,1.0,0.6327407130690699,-0.12307350572204745,-0.3934947836728241,-1.0,2.614151540090336
-1.0,-0.09457757929395749,0.08545623938089386,0.4609999214761709,-0.976511088132312,-1.0,-0.3139801129810193
-1.0,-0.5277099682870324,-1.0,1.0,0.2896851520054866,1.0,6.072062791792092
0.2523748085654818,-0.06572965015044288,0.7700648857548538,0.6804117114158394,-1.0,-0.26987080949807984,0.9777344651449303
1.0,1.0,1.0,0.6864985947675479,0.3195185115822029,-1.0,-0.15521686291193748
-0.8681931995647925,0.3726768022275266,-0.3535718748082844,0.34268244312228635,1.0,-0.9404982262090568,3.6422623141457398
-0.03882019990283536,-0.03073360750240356,-0.051092646292693486,-0.8056911517317296,0.47926246694675345,-0.6672169802030192,1.8907849706991222
0.45432254706373565,0.6917909567275847,0.6439658792127468,1.0,-0.6719255650324834,1.0,1.2037135171696165
0.0160540161223377,1.0,0.6642900300764858,0.43084763101182755,-1.0,-1.0,1.082089283506977
-0.046625816453098046,-0.12386369302916234,-1.0,-1.0,-0.1701691365592857,0.7279845051720074,1.9228291853801363
-0.7275948095174061,-1.0,-0.22382627363370955,0.8626053780211888,-1.0,-0.6321008646385577,-1.3441146333636553
-0.2545036298983364,-0.25929019164464123,0.8084403173193209,-0.47128464196662534,-0.1673452435688113,1.0,-1.1065248355712851
0.869170113540991,-0.5025448140635,-0.5266516591773017,0.3651991537739364,-0.022918446784632507,0.6791676006209926,1.544187065062301
0.3652263373929248,0.7258540443493284,1.0,-0.3039443768627938,1.0,-1.0,-1.9967513657850096
0.900611772257435,0.08230144039352044,0.45858997459962947,-0.6679412402390266,-0.029575533069289506,0.07736235575971528,-0.04312753618573901
-0.7926525988781339,-0.6025623479237427,0.6192741783065374,-1.0,-0.8907481986976016,-0.5318201541351211,2.449092206066506
-0.5345841663612394,-0.6987316486672019,-0.5043538221249382,-0.5314791796043774,-0.9824248029718292,-0.18254626787413852,-0.5430407220417759
-0.4651241866600826,-1.0,-0.8065872912769747,-1.0,-0.3106145375184004,-1.0,3.120057532048862
1.0,0.12386168921023916,-0.07164282461374996,1.0,-0.09343114342830516,-0.924031700945844,4.189915502231993
1.0,0.49358649778693997,-0.6135472366535055,0.3889547728277868,-0.3960700835599028,0.29079980190179927,1.902195284962461
0.5855309098866237,-0.13211367108421668,0.9056543886164421,-0.7406004681585607,0.1502597120783271,1.0,-1.9220024868493528
-0.7945602414546066,-0.543898911979164,-0.12702525775921625,-0.48258453339371976,-1.0,0.39024416753294167,-1.9374147837110838
0.06199518272705817,-0.12374006729577192,1.0,0.6801781322871946,0.10494319041256794,0.2379147340633555,-0.5190312759588747
1.0,1.0,1.0,0.9357634630667877,0.651082693334432,0.9293137025381836,-8.396900082484644
-1.0,0.6937396849188006,1.0,-0.6044957960548424,-0.061605544228240605,-1.0,-1.5167046383154568
0.2839127787135517,-1.0,-1.0,-1.0,-0.33584743448321464,0.6118524523359761,-2.0016631238524836
1.0,1.0,1.0,0.18777605169038925,1.0,-0.5953735524410823,-3.6939061188648976
-0.5900180205308625,-0.978258080303677,-1.0,-1.0,-0.1757044477003935,-1.0,2.3825254666696476
-0.17537133101650915,0.4439010407175085,1.0,-0.26645278362970104,0.2008058135096823,0.4436956132990965,-1.4927867969828577
-0.8059812863034377,0.9616712191346785,-0.2887533007619434,0.17783135305463071,-1.0,-1.0,-0.8600515994092894
-0.1418209829632463,-0.6432998627163915,-0.6110786014826486,-0.7555241091653354,-1.0,-0.9448408756228026,2.727816440309437
0.11450477802073167,1.0,-0.05332130193719717,-0.30471799945165895,0.5559565170520095,0.08205683948974452,0.5311161551000984
1.0,1.0,0.5526187513877681,0.33269023520488616,0.06071841364071874,-0.32842716659547344,-1.4374677135896534
0.00447535058830717,-0.38729760483955467,-0.011080419148724596,-0.9131236314304976,-0.19543317756631584,-0.4955351214376905,-0.1363642785700132
-0.001255610586951672,-0.9418415028773723,0.8933740549314833,-0.6049521111066498,-1.0,-1.0,6.714387188018994
0.24983254670460275,-1.0,-1.0,-0.724022776914041,0.6451947008007416,0.5905001214115004,-3.2981297446257543
-0.10649984819143476,-0.2231604301105608,0.17615232814660997,-0.44672758196913964,-1.0,-1.0,1.5721421327276783
-0.39607483509517316,1.0,0.7799009337000821,1.0,0.3897821005259377,0.6284748366728597,-5.250972520047042
0.3083603191597094,0.7306815635161876,-0.08274447052969197,1.0,-0.11871579370522367,-0.4523387461569395,2.544870564044394
0.44537676362379236,-0.9659310882555693,-0.5210097707382297,-0.6009172088669836,-0.42549258148430913,0.7170080904123222,0.814444484914445
-0.7159995253610816,-0.04436041314365757,0.060481843695537885,-0.7761639647690551,-0.535210394119862,-1.0,0.9675400528027888
-1.0,0.36337448602497935,0.794071503488329,1.0,0.6501611741508988,-0.058982229258806,-1.0726873084896678
-0.1091299093601541,-0.6665982434192771,-0.44460252712994514,0.1467207337721432,-1.0,0.39389243882143776,0.33753873909882864
-1.0,-1.0,-0.8471920177985588,-0.8275565756208059,1.0,1.0,0.31932919543952065
-0.5340294035672686,0.278211439929749,-0.9149546610605537,0.18982101761692002,0.4424814174534475,0.47098973131573063,2.3524616190199907
0.6984982086496285,0.148210663744061,0.9832929087694149,0.3744617626516846,0.08059342364008143,0.907885344727787,-1.8949981730124124
-0.9659369759406924,-0.524754485404697,-1.0,-1.0,0.839393639258962,0.5197035911954857,-0.5474411790533535
1.0,1.0,1.0,1.0,-0.7744375616508247,-0.15294244283061187,3.336800314347112
1.0,1.0,0.49844742394428954,1.0,0.9634544820317632,0.9172734565005369,-3.3906290962357275
0.6134394278014523,0.9977143161814434,1.0,0.5191279474036294,-1.0,-1.0,2.917194425365641
-0.5501120561023283,0.8870179844173895,0.6792121920268732,0.2987336093895665,-0.24829652628820242,1.0,-0.981686944437109
0.0035745533560417875,-0.18471541739895303,-0.7197720436576528,0.47793617681167466,0.20147311762196968,-0.07693160430914692,0.10535615681021054
-1.0,-1.0,-1.0,-1.0,-0.03375737371301746,0.16621921144720064,-7.316643198912845
-0.1831453631395169,0.9647119199053559,0.25013735112287805,0.5109471195323181,-1.0,0.30158371333550393,-0.2825677326081316
0.4438203093363603,0.5029883448181051,-0.9985830837655506,0.23182712674504796,0.10199282559522405,1.0,6.2045125899563685
0.13097030553539799,-0.4100238050602827,-0.025432875596897164,-0.8430701529616913,-0.5467297834457894,-0.8099203550466832,3.326702482648593
-0.6974197692761005,0.70476718858115,-1.0,-1.0,0.7038243293560122,1.0,10.692172149781214
-1.0,-1.0,-0.7946592108476701,-1.0,1.0,-0.6312718228662759,-1.3644254005764576
0.1350630860685717,1.0,-1.0,0.9985964733776299,0.805777558010623,-0.133019278772325,-0.736300677275239
-1.0,-1.0,-1.0,-1.0,0.05040128340673722,0.8416987403170213,-3.5499061689391307
-1.0,-0.11704148789201052,-0.14736468896547206,-1.0,-1.0,-1.0,0.3625518030979309
1.0,-0.16544625916092895,-0.3255424321744619,-0.0999407083848646,-1.0,-0.9932386818761152,7.355545212030379
-0.46388199528174434,-0.299367868940561,-1.0,-0.4584156099008674,-1.0,0.3060328870240776,-0.03541916260684563
0.9714556739494202,0.4230835451626501,-0.41606317656428715,0.6455344551726813,-1.0,-1.0,6.180638205047902
0.37318263372484783,-1.0,-1.0,-0.8901839716295115,0.5253544367275597,-1.0,0.45663304977663277
1.0,1.0,1.0,0.6284250096023924,0.6962798961815612,-0.13321581064142374,-5.518384093935818
0.35630414891374795,1.0,1.0,1.0,-0.9782169976922053,-1.0,2.3864102154311606
1.0,1.0,0.28353978388125156,1.0,-1.0,0.191137201450261,4.708327465673991
0.6595418662833223,0.6309851189065101,-0.6541023520178317,0.9236612654718511,0.9070891258928673,0.8998966298927912,2.502965443509418
-0.9971864773161455,-0.10038931625579439,-1.0,0.29732069256244575,-0.6874480102251891,-0.05673292222172238,-2.470235984167904
1.0,0.8184385021483398,1.0,0.8105281165175933,-0.8563887173928562,-1.0,7.444722713500152
-0.37395494681839625,-0.43281345851981845,-0.058779664447770275,-1.0,1.0,1.0,4.578778600062204
1.0,1.0,1.0,0.397696127381317,0.2131574471384136,0.4418799087728278,-4.174109888600392
0.6597672158302961,0.6803480716526196,0.03930141348470892,0.11577711026211203,-0.1946455533610082,0.8630029296225061,3.2423552743021715
-0.9652473101579097,0.1988129926566549,-1.0,-0.6896521665862927,-1.0,-0.018429325963474186,-3.3518301340726526
0.780440904433406,1.0,-0.15330684190146282,-0.23001437964576127,1.0,0.22482295096412108,-0.37230677932764333
0.5129074252661152,1.0,0.9213529160904461,0.6507954533914848,-0.17774306600241752,-0.846711803336829,0.5408880054520293
-0.8395764885343879,-0.024381706498974032,-0.7742351563793325,0.3130037823085936,-0.8136558919674145,-0.7090886499463143,-1.186854473808599
-0.1801252605261664,0.6674684588047088,0.10799435611787256,0.5711410017172347,0.12815298557690114,1.0,2.454522405427327
0.5576202219768713,1.0,0.8489341140275991,-0.024746092407775366,-0.2421020426863929,0.15707781376540442,-1.7088992119768454
0.025005569526374394,-0.4231740294906304,-1.0,-0.5356873513108933,-0.05796406428143754,0.07152621049200314,-0.34932273570850053
0.831314808423553,-0.5591493528986136,0.1798774303775721,0.4903038680878483,-1.0,-1.0,7.84604004019712
0.055089210136087585,1.0,1.0,0.8399624089374043,-0.6049824492257305,-1.0,0.6189281023954392
1.0,1.0,0.5825343846060296,1.0,0.36420511947441875,0.6304802787631069,-3.4212711833627383
-0.16312478055510976,-0.7587624381514988,0.37869971483938236,1.0,-0.03981210093965304,1.0,2.789586864569361
0.1351280275225079,0.4018888447247254,1.0,1.0,-1.0,-1.0,1.6122099776274488
0.9574080600302378,0.943415003768041,-0.0112999729421428,0.3888805869823357,0.8045919083851787,-0.8425840788323655,0.20772790238943922
-0.4566335267143107,-1.0,0.15081556043141828,-0.9256489451658739,-0.723297418294429,-1.0,6.365403989110383
-0.6232523522835418,-1.0,-1.0,-1.0,-1.0,0.018061648579680355,-0.5515710369466484
-1.0,-1.0,0.5193931231673969,-1.0,0.12076439314490572,-0.09171071164246958,0.17571358108840862
-0.8371206715291835,-1.0,-1.0,-0.03034250065158428,-1.0,-0.3130083729808969,-5.600832893052908
0.577451124667458,-0.4938257413625691,1.0,1.0,0.9749512422436393,-0.30128962118963104,-2.915470497715716
1.0,0.7065903647997915,0.5472091498887055,1.0,-1.0,-0.07025917344235566,4.661094299999643
-1.0,-0.6131542188926281,0.514666974947771,-1.0,-1.0,-0.026761117908399468,0.9748768150711031
-0.1915860672231131,1.0,0.3156864008135194,0.22514574821910416,-0.7096068974860665,-0.5389780111556796,0.25719615022791764
-0.8196366815289562,-0.43098765513116466,-1.0,-1.0,0.15204806741570542,-1.0,6.121734250668167
1.0,0.9303184380597795,0.1319123100082943,0.22926108864551098,-0.1361713007094565,-0.5755714177692017,1.0412002606704576
0.10643028040056557,0.9395835265162056,0.47519058330553454,-0.31852346482785554,-1.0,0.8619299086133634,2.9931902163582373
-1.0,-0.8178314397435034,-0.8788117563138163,-0.1258193480857479,0.12438465042271352,0.34829949271062716,-1.49655599562725
-1.0,-1.0,-0.933860605619595,-1.0,-0.3995876075442188,1.0,-1.530804036375404
-0.5665263576411778,0.49452602652039496,-0.5077035820724249,-0.00290459811366265,-0.13124864624635035,0.26614548845789954,1.0715212022623353
-0.4722313099863536,-1.0,-1.0,0.6725328527078526,-0.4203808596835237,-0.5051815788383747,-4.26944017511452
0.17695134888216774,0.1770091829661141,-0.6382867803521247,-0.949066187307659,-0.8738118437202163,0.4137339115021513,1.3561033108424643
1.0,-0.7351372209254499,0.5373576845717858,0.9279739580003672,1.0,0.04315201667235849,-3.6631375823049446
0.5902035334109774,0.0062916599792678385,-0.7434357366551694,1.0,0.7677780404938324,1.0,3.3253970808070346
-1.0,-0.044927774953630095,-1.0,-1.0,-0.2866049320368662,-1.0,4.6365271773834715
0.39725143249485184,-0.9358167844100476,0.5075866028424872,0.3880216715618302,0.07939349227855827,1.0,2.6000025686735135
-0.10513227429685856,-0.6783407004766167,0.6224970346171427,-0.04689511081470932,-0.28459611676718666,-0.7252538492377678,2.7693636231270213
0.6655815675137006,-1.0,0.4493889783990742,-1.0,0.41110635276897156,-0.6763107116818338,5.591538399818074
-0.949732784483023,0.901146185330636,-0.209040269121073,0.25455625537542736,0.5540638366054648,1.0,5.644680048315183
1.0,1.0,0.6725334338985309,0.7514993352486152,1.0,-0.03557153500128429,-4.518566901053494
-1.0,-0.032735817219341934,-0.6948367951984669,-1.0,0.5035894788022428,0.4232848943271583,1.16819924983543
1.0,1.0,0.2917760016108346,0.05119144352571969,0.5375677149589331,-0.02391839943809443,-1.617202207799615
0.8478424742237234,0.7619042400414469,0.1367099670800801,-0.151677287711802,0.46628504227224143,1.0,2.667033514431994
0.5204890127949197,0.3295681147562607,-1.0,-1.0,-1.0,-0.5628128216195183,0.6537832949142385
-0.9661168409937375,0.24986649137626793,-0.373852028552084,-1.0,0.4054999967444328,0.8988969784906291,3.475688273979864
0.0004131160180474436,-0.03796996578364853,-0.12515769846200542,-0.8761375427179534,-1.0,-0.5419257816259271,1.935169058036791
-1.0,-1.0,-1.0,-1.0,-0.1473161358923326,-0.1740913752850809,-5.823124599547876
0.9675578671099907,0.5894775234918708,-0.3879266243535232,1.0,0.9421621759555465,0.8346432652529588,-0.13721938582635534
0.35558123233976324,-0.05041974866552473,-0.08416920823155444,0.7065119414067444,-0.9121370548023158,-0.03051115784794911,1.122795616358315
0.6129640138014387,-0.1468234762130024,0.322263727464197,1.0,-1.0,-1.0,6.089555906243746
-0.20456751306594667,0.02856057366550696,-0.9335449893947114,-0.22119359466032884,1.0,0.20021186363489973,-0.21724066764202954
-0.1340999695404288,0.193992405098123,1.0,0.204948961330235,0.7030312283319744,-0.07553977837441878,-0.4034846222066527
-0.9685254003868939,1.0,-0.3105255661394645,0.5743276745965756,-1.0,-0.17641353030897372,-1.259675776591605
0.15711520768429632,1.0,0.4175278906560693,0.5932344138968859,1.0,0.8009117558450494,0.2881766176232701
0.31291290173146635,-0.11345363698024943,-0.12062412510178788,0.044017284638300874,1.0,1.0,2.1722247356702833
0.5133988701186294,0.53191917769856,0.7555540341986801,0.9469539226954633,-0.9411382613459267,-0.02909102437527139,1.8521486498865256
-1.0,-0.09652642335890638,-1.0,-0.47331970038180793,1.0,-0.6197503781829432,0.694896135013533
-0.359542069862973,1.0,0.6539496563110607,0.8671086438350103,0.021475681569218974,-0.988824991145504,1.0399460847899322
0.291145429596285,0.9310440841266457,-0.013582582157596945,0.7998543800283014,-0.36440536530753787,-1.0,4.331081779940473
-0.2068833125400671,-0.5521996460419301,-1.0,-0.7571189929166775,0.7304424026206191,-0.03488145220815367,-1.8871521797175124
-0.13618070733185517,1.0,-0.7070736357001303,1.0,-0.8738883816316854,-0.7664947714705483,4.6101291464120076
-1.0,-0.1317232838184842,0.3487725403385121,1.0,-0.7342183349292445,-0.7790200138666326,-0.9809509078350792
0.0013278314994626395,-0.14226908145119266,1.0,-0.3309779516704195,0.3349636194491863,0.8674980463981401,-1.9364942421372362
-1.0,-0.8594643976251785,-0.538708448982906,-1.0,-1.0,-0.9162908828604033,3.7058297628993624
1.0,0.17891795611175376,0.3339250250522663,1.0,-1.0,-0.9100554962500214,7.969470626119213
0.9614648901750101,-0.9472615954521598,-0.5814819186901867,0.509991796780749,-0.349053693997246,0.08286155039827403,0.15945716715628688
-0.7577154040872806,-0.893916041131414,0.3948963455199206,-0.47703091208041654,-0.589371314564826,1.0,-1.3164536593314258
-0.15416518068646456,0.0003617839146684565,0.7965473699968755,-1.0,-0.5977961170279336,-1.0,0.755900462844174
-1.0,0.0075281498926875745,-0.05872070014282893,-1.0,0.005153305647120798,1.0,0.7221905883708974
-0.3248496597385103,1.0,0.6651963591391201,-0.8892490747506003,-1.0,-1.0,-1.799705907286893
1.0,1.0,0.8035796257837207,1.0,0.5556443697757893,1.0,-5.209125800729949
0.03723946908337972,1.0,1.0,-0.4192752838856074,1.0,-1.0,-2.5390572323083993
0.3240156584304821,-0.3427828756671765,-0.8229135568794337,0.3353615231545002,-0.8959176536598754,0.22125458755987404,1.131908724639322
-0.4506020838988258,0.08450206995856387,0.586114068089059,-1.0,-1.0,-1.0,0.15507716935813348
-0.023100741134198403,-0.816860883970424,-0.015619266760748943,0.7475140133607378,-0.1570064850989651,-1.0,2.50276855881742
0.604136209756862,1.0,1.0,1.0,0.4276410156404933,1.0,-6.933934937009013
-0.4838682134669803,-0.9466124433819886,-0.39113816617751584,0.36200541072155934,0.6198514594052758,-1.0,3.0929948534673337
0.4009253250134883,0.46292597139620684,1.0,0.16122488397021173,1.0,0.4231425789931217,-2.6763394410767303
-1.0,-1.0,-0.3794101338107968,1.0,-1.0,-0.721448861591333,-2.8870485994489976
-0.6344314491942198,1.0,0.11642454062380819,0.5422670429036546,-0.8514805296003929,-1.0,1.60911685543477
-1.0,-0.7976534185493871,-0.721150228186591,0.929044253551575,-1.0,-0.06818767067812281,-3.9537825295809284
0.9068768685119617,1.0,1.0,-0.3171048157470824,-0.1263493494786439,-0.33853544233339683,-1.0024923533691135
-0.9773832857438534,0.5316172513219973,-1.0,-0.39687994400924886,1.0,0.8711219746926164,7.97752259334909
-1.0,-0.9951459899661101,-1.0,-0.37646441578583745,-1.0,0.8931643145252103,-1.1309613775484944
1.0,1.0,0.6128283268754495,1.0,-0.24432473856785641,-1.0,7.781915812430985
-0.056552868289946545,-1.0,-1.0,-0.22977264901501554,0.09337837905874125,1.0,2.014112141827527
-0.2973569909020242,-0.3862549333254483,-0.10205557522383882,0.8045516411970649,1.0,1.0,5.092732576321155
0.11183715620817469,0.6183831450676701,-1.0,-0.41447737142230046,-1.0,0.24318029617188922,1.1929467259694846
-1.0,0.9742833999935261,-0.9430738633372235,-1.0,0.48315735152317,-0.6289815369137896,0.749371824634516
0.5935004535908627,1.0,0.4355434963308574,0.8962210263794347,-0.8699331211974584,-1.0,6.739687060609969
-1.0,-0.8532282172449193,-0.6168697961298795,-0.03284778146841272,0.8284811012660698,1.0,3.755842240415477
-0.6286961596965948,-0.32118455902821985,-1.0,-0.38294235648778213,-0.15494086339381719,-1.0,5.737595153735695
-0.5563977939408553,0.3437750846365907,-0.33248842640024234,-0.3399211709861218,-0.8969429811919282,-1.0,-0.6632196027956405
-0.5347847354280639,-0.6495186512482745,-0.4043769963897767,-0.545940285702603,0.8152022390223366,0.560379820257218,1.154915674822191
0.09466849094688401,0.257276952304349,1.0,1.0,-0.08640379835393053,-1.0,0.8459395905436543
1.0,1.0,1.0,1.0,0.028279398929222488,0.982545764638294,-5.410312188550117
-1.0,-0.4809704463901907,-0.5903925903616362,-1.0,-0.3061979616344963,-1.0,4.0338989360689865
-0.8663382773724035,-1.0,-1.0,-0.6594781040544426,0.14713064240577473,-0.6570160371806828,-1.4818282781006304
1.0,0.9403884668338351,0.19201188721458173,1.0,0.6563999598183683,1.0,0.43832212824960115
0.5330618630778159,1.0,1.0,0.18685884214065346,1.0,-0.8805301960818585,-4.254737194513672
-1.0,-1.0,-0.594438595042313,-0.7413033925151964,-0.9857285427945583,-0.7055177179921863,1.296909705863344
-1.0,-0.05187957953028277,-1.0,0.11474803848475279,0.09439562787142367,0.060185225938612835,-0.9320433430225232
0.1251427521153956,1.0,1.0,1.0,0.03103090989003182,-0.819015342135466,-1.477342274315713
-1.0,-1.0,-1.0,-1.0,0.46439837081130003,-0.7475210964122041,-1.419872404760334
-0.7323355457544579,-0.11665022050818086,-0.41670134156326816,-1.0,0.3092940739316874,0.6455479578079415,0.729444031696272
1.0,1.0,1.0,-0.32279727541551656,-1.0,0.4759962442769483,0.9723257822195257
0.15816876089787135,0.5103344654476325,1.0,0.07659649254162398,-1.0,-0.4623967061155075,0.0020541195557391423
-1.0,-1.0,-0.649970611635255,-1.0,1.0,-0.6746370493388867,1.292483565277848
0.1860663088656388,-1.0,1.0,-0.1398732407152574,-0.44839752945219813,-0.560218357497799,4.184478050587003
-1.0,-0.014244814032205566,-1.0,-1.0,-0.9121020222077674,-0.2431422353573846,-2.282960692806344
0.4541647195716077,1.0,-0.8940727415039484,0.14632757904889837,-0.6034927230870066,0.7395763539408327,7.8982135955268085
0.802684615977117,-1.0,-0.11632634992076085,-0.9255901144809944,0.5812584735630018,0.34268149568842565,-2.003388510627319
0.22739906424434875,-0.2974629890557861,0.19855942994959086,-0.7295307897639531,0.3311073936885568,-1.0,4.04268735594227
-1.0,-1.0,-1.0,-0.4578707408830922,0.17954287117938045,0.6530010023383161,-2.8031294542413545
0.08666743989587798,-0.3220968943209179,-0.2715468907559146,0.4340996615484299,-0.19908831090395634,-0.7773612431506042,1.6850084064458997
0.43441546778199863,-0.2546232360886389,-0.10408355154670124,0.0928947826709422,-0.6105197285735423,-1.0,3.5062939767237813
0.17204589707012452,-1.0,-0.16760721077922158,-0.353990905339592,0.5374877616011755,-0.0013869806504405169,-0.311607238328108
-0.9836010051992459,-1.0,-0.5514444738217233,-1.0,1.0,1.0,0.7022605690410206
-0.5409805399332454,-0.9659973224191435,0.3798787041460724,-0.9524654819203979,-0.7125741016956042,-0.8483127493494045,4.8732143764395675
-1.0,-0.8075843262451259,0.9663501614396133,0.047227783424935166,-1.0,0.3538374563754494,-3.683313161442307
0.294360950766269,-1.0,0.0068635528408787505,0.11063372509802682,-1.0,0.07445098276429873,0.7865087008874478
-0.6692317518170734,-1.0,-0.4374742424515019,-0.6654306910797374,0.06863353521577087,0.884136597470701,-0.8688530425326337
0.2617033746955933,0.8608421745200732,1.0,1.0,-0.061124507862573674,0.07760589420789138,-2.568462050122056
0.8822222795438412,1.0,1.0,1.0,-0.0941658513289087,-0.542236535919821,-0.2373987359071419
-0.4522098453287252,0.9819030281135761,-0.40716303837422385,0.12963619983112207,0.9550376833589378,-0.45893905331878276,2.8600216404021417
0.10411073149682049,0.4764207300754582,-0.4653194140743796,-1.0,1.0,0.819289577647871,5.1954539001681
-1.0,0.9560530405773595,-0.13239047432808987,-0.35483356323612436,1.0,1.0,8.602018196844073
0.5470923565896968,1.0,0.24458622011596787,1.0,0.2722174388826892,1.0,1.8076484580206071
0.7006490911664441,0.46582828369842966,-0.6544332733688036,-0.12735876195546914,0.7052496547362845,-0.31635409664092534,-1.9300883186710558
-1.0,-0.7301142167002166,-1.0,-0.6555689230480957,-1.0,-1.0,3.1392133471150556
-0.5111148990034593,-0.8984736056764491,-1.0,-1.0,0.19712012031241455,-0.3424863495343369,-3.077944442953356
0.10777443203233728,1.0,1.0,1.0,0.3539759995320777,-0.0789783500392619,-4.726388580273861
-1.0,0.7019477315170871,-0.9999970275555733,-0.2870320615867268,0.04034750658610542,-0.16109655596498723,0.7270337288947681
-0.7435023959134506,-0.8669281670469602,-0.3715963320558555,-1.0,-0.4129005518259603,-0.23333804974633576,-0.2112550746192848
-1.0,-0.7579660960721986,-0.9450697711880613,-0.22596467126915654,1.0,-0.0088985230951565,-1.6709770346736816
-0.5734121068127361,-0.16016884371365492,0.6522097597326024,0.30428342376233936,-0.049214314126710956,-1.0,3.239883228346083
0.5193860100735069,0.14184497543901264,-1.0,-0.3434270661617518,1.0,0.594364503753182,-0.1858901227222984
-0.18675608877782568,0.416921602800262,1.0,-0.5376534012882876,0.7927637225162674,0.3822086171572272,0.017008504566356386
-0.7151997239578509,-0.10354660114659175,0.8015211874695349,-0.34658608480913133,-1.0,-0.8362212913495959,-1.5288282115142828
-1.0,-0.4285889881741556,-0.07487893238987309,-1.0,0.15734912457741312,-0.4746757365483606,2.156758830508699
-1.0,-1.0,-0.3325178545805225,-0.0895563939963641,0.08364632821326012,0.03168693793818764,-1.266185833014657
-0.5185661221421191,-0.08992468340434356,0.15819734828547727,0.8095695039833393,-0.6456177310365977,0.3935589146921916,-0.05265948698525447
-1.0,-1.0,-1.0,1.0,-1.0,-1.0,-3.2727134993162625
1.0,0.5154279566058945,1.0,-0.2994885900463402,0.18489710322162378,1.0,-2.1222269780042815
-0.5833864358523231,-1.0,-1.0,-1.0,-1.0,-0.12356776600274455,-1.2885242807093813
1.0,0.6610902027084367,1.0,0.09713894052869607,0.39337778574487453,0.6711688453951228,-2.631705373876592
1.0,0.8837282777556775,0.7166285046811834,0.314137880470741,0.6865938085665962,0.38173146682914394,-3.2761999023274164
-1.0,-0.9576405436661785,-0.3526746990702713,0.6732377725333383,-0.173485144323977,-1.0,1.5246084213513817
0.8916014294348852,-1.0,1.0,1.0,0.37547876360528365,-0.09904292368819845,1.0302806242779747
0.45412553662914457,-0.732648071386488,0.7460628244247038,-0.6573418554134579,-1.0,-0.38744525640713745,4.889040557256501
-0.2988878119228666,-0.18209414194879692,-0.08132062768091453,-1.0,-1.0,-0.8174929314710682,2.6492981007176795
-0.03928641841366404,1.0,1.0,0.9592560893537251,0.6470210515206505,-0.08613754133153356,-5.188357216658225
-0.37948774982070765,-0.778091447211123,-0.18124608097734707,-1.0,-0.10567649182274308,-0.013743530807006854,-1.6277353036506403
0.751157161379544,1.0,0.7912994286860546,0.7806180242934162,1.0,0.856316538803392,-4.450831591828816
-0.19823742094009256,-1.0,-1.0,-0.428966901938557,-0.3550165287136986,-0.11638145811972267,-3.502588235414093
0.052520861837164534,-0.9136207864125507,1.0,0.43023532964797384,0.16962136428199592,0.9328028161410529,-0.4834367723022389
-0.48111501260036504,0.10688034786228373,-1.0,-1.0,-1.0,-0.22523287787529567,-1.03229254536831
0.13522888721936077,0.3145136676129938,1.0,1.0,1.0,1.0,-2.2657196211456196
-1.0,-1.0,-1.0,-1.0,-0.2942437941295809,0.26251246709044695,-6.7768004867925455
1.0,1.0,0.6733055298333812,0.7205777700830949,-1.0,-1.0,7.879711928670782
-0.9979234522705945,-1.0,-1.0,-0.5558971795788248,0.6847539543717349,-0.4666140398879496,-4.376935942064927
0.7351775909457942,0.7978009448081018,0.7073307394881818,0.6871880023264421,1.0,1.0,-1.6486239306607158
0.9023536581693938,0.6353937758638506,1.0,1.0,-0.29165919232241566,-1.0,4.667921427560858
0.7012125233301972,0.44255552007895704,0.19692485892225164,0.9551771560038743,0.2579724826948304,1.0,2.675223459264575
-1.0,-1.0,-0.7204122965708788,-0.5997448519231698,1.0,-0.6189930747710437,0.5049445751825278
-0.5731954604924134,0.2595080649481273,-0.9617492621883712,-0.30204188387822617,0.5998303455678327,0.331624355340411,1.7570340119977543
-0.7521718346427921,0.41717221775214325,-0.637288870664492,-1.0,-0.16329391792885062,1.0,5.0922575082165595
-0.5095196614751446,-0.15018931624239568,-0.11685734707123879,0.8294879554354992,-1.0,-0.38318360590479894,-0.3220947891256133
-1.0,0.5594794203751896,-0.05490938381839841,0.17919081456715863,-0.3161676450078809,-0.9038492359928552,1.4719353166183287
0.05048870994797561,0.7091718347461444,0.6981726405507931,0.49275312181593234,0.3434668491574554,1.0,0.43805491961897064
-0.7548453609810071,1.0,1.0,-1.0,0.3457490889541345,1.0,-3.5340548769981686
-1.0,-1.0,-0.7380685412616732,-0.13136122158382313,-0.24498218268868,-1.0,3.6038221358022255
0.022340300189110263,0.663241322015301,-0.5260808021467805,0.5514402539711372,0.5744132147174134,1.0,5.621673716904798
0.5915752999685253,-0.791985951930867,1.0,-1.0,1.0,1.0,-6.352892157735941
-0.36436673619556326,-1.0,-0.4408508104894968,-1.0,0.9840397014279152,-0.0395099520321176,0.21984164931028904
0.10029564088902176,0.32917723651318054,-0.022538540772560678,-1.0,-0.7450817075780549,-1.0,1.456774438623916
-0.39484926850585156,-0.25880031669781045,-1.0,-0.6623630850661705,0.9029977051901051,0.5015448693293612,0.4103699691112934
1.0,0.45598597656935236,-0.4497780922562733,1.0,-0.06429338603059037,-1.0,4.319281537301741
0.9730826544707581,1.0,0.7276319078271465,0.39982190603883616,0.5633537412034673,1.0,-3.291341646664228
1.0,0.11164966739552051,1.0,1.0,-0.762299102639031,-0.49851595338518256,3.9789206275980638
-0.4347386831494691,0.1448298346902511,0.5656847249817334,-1.0,-0.8207266154247608,-0.06525343267267558,0.600487926077565
0.1784660671584359,-0.4392491814110171,-0.4012748687834855,-1.0,0.43985295524887846,0.09640036175868683,-1.0900467277503256
-1.0,-0.12537476432253436,-0.17956957587709588,0.05145504927449779,0.6111790661298986,1.0,4.28109885143265
1.0,1.0,0.923046832186672,1.0,0.8075326838534396,0.24493250988863166,-6.98016858053829
1.0,0.22697180423841357,-0.10404677026140702,0.4794894651183429,-0.5029952161694421,0.6022842834315563,2.440830922480956
0.32668946244646924,-0.46723177752721645,-0.5340375486182252,-1.0,-0.4132961520477365,0.11944618448074622,1.064395078261603
-1.0,0.17568637442117874,-0.5878937896557136,-0.3946098583939186,-0.4206153224083333,1.0,3.7289746144121327
1.0,1.0,1.0,0.9291160349348708,-1.0,0.2935335581705485,3.7201619118735585
-1.0,-1.0,-1.0,-1.0,-0.24216400010825723,-0.7526968544087895,-1.1916014865325038
-0.4758904805233539,-1.0,-0.12512062501401988,-1.0,0.8711498331030798,1.0,0.4043133673188418
-0.4093926354556682,0.2703152688150222,-0.8117998689978114,-0.16964765488507394,-0.5269974367246827,1.0,5.833111910381867
-0.839313634188576,-0.15738477814050178,-0.3407464061472024,0.4474656739256851,1.0,-1.0,5.113062344818465
-0.1253153807617009,0.7881016728357952,-0.9859795848515286,0.798901125405867,0.7354858870217507,0.5678424350010992,2.2047751328351293
-1.0,-0.8343974662655209,-1.0,-0.24737997454924132,0.9555176570633934,-0.35360233111146766,-2.712157476445471
0.8887457583209708,0.1108950586648112,0.37277934447331385,1.0,1.0,0.9505380777262388,0.5072938147133343
-1.0,-1.0,-0.5658154544622611,-0.8753532334043113,1.0,1.0,1.921734702976078
-1.0,-1.0,-0.30739787740416546,-0.15783351539321844,-0.17394742553660336,-1.0,4.32751661836015
0.9992917639860993,-1.0,-1.0,0.12346590115405479,0.16822049898868857,0.4724243394074443,-1.9615101331941267
-0.4009785795661526,0.6053416099263542,-0.1567509859977182,-0.752833134919259,-0.04173450570014403,0.44678040892632653,1.0422410663507422
-1.0,-0.03801932786419354,0.10775900801711791,-1.0,0.29143796705063596,0.22623424530565725,0.5863191615902354
-1.0,-0.9786217742796137,-0.10686349151464003,-1.0,-0.7581683672458638,0.5128371202494775,-2.4151881493552523
-0.06536443657366042,0.5118989887258929,0.8768428660251597,0.09360342714245135,0.4320437014375367,0.9315472128127036,-0.8160579656160009
1.0,1.0,0.28229627687782255,1.0,0.7836791322317664,0.8091670857795069,-2.060638913027943
-0.8349204609024597,0.07915599571097809,-1.0,0.38903967345353496,-0.6010339710455561,1.0,6.031140383488814
-1.0,-0.8592305460236893,-0.9430636931125613,-0.1476874234971941,0.42025176549141796,1.0,3.792371860436627
-1.0,-1.0,-1.0,-1.0,1.0,0.6423754025284041,-5.996669609558891
-0.9531455866036972,-0.1708094207828974,-1.0,0.2940356218152774,-0.47870916965901533,-0.1554388917188193,-2.4756865885245625
-0.3690682841771234,1.0,-0.7088681549588329,0.22187605931621435,-0.25456402225175684,-0.6930637124287632,1.9287391740812065
-1.0,-1.0,-1.0,0.095689450992828,-0.450197467500951,-1.0,2.558468357164182
-0.4816499119125928,-1.0,0.9560763889588463,-0.22098236646207292,0.9867372849669656,1.0,0.3287483797304517
0.8451815879955409,0.6064297236885626,-1.0,-0.4087408436459984,0.7237591336691143,-0.47324807932365276,-3.299173635863654
0.6634789976992714,-0.4671109267866312,-0.06627071624456093,1.0,1.0,0.38792728192682646,-1.8147796690462819
0.508563265813335,-0.6994958328162724,0.7842724342678669,0.8695156983211243,-0.9667570685809539,-0.6570660443560213,5.7974139160705205
0.32381597529489387,0.9887359938184324,-0.24574732040975772,0.10275364239908891,1.0,-0.11713679479949901,0.6111882112150983
-1.0,-0.4824173431944514,-0.997172199891438,-1.0,0.5622506052671532,0.500108633804174,-1.9624930201504371
-0.15551352040569547,-0.0788692212400729,-0.9456982719704863,0.78848281107491,0.24736293473826088,0.30625650498699475,0.7969128172932046
1.0,0.5595147302704611,0.7755578555445583,0.5421948589944219,-0.9718385552058459,0.10553071330095301,3.1113538469301063
-0.9714703704408847,-0.8379722844313825,0.5941453617091915,-0.4181780883835531,-1.0,-0.5642672391647588,0.5836746207539683
-0.3165744958175545,0.5009157918664859,0.28261035826232794,1.0,-0.271949313040849,0.9955820048366585,-0.6448121086472762
-0.1358395706258967,0.43234087809654215,0.3352116273039798,0.4406354073362885,-0.21409706975088638,0.7557219152884815,0.7558827503334329
0.3971294375239671,0.032464553045712385,0.39299250159718024,0.4025777155338861,-0.5920447917983009,0.15412467545186226,0.2755151828597096
-0.495904242624307,-0.34183721109269816,0.5654318153316444,-0.2619724639344464,1.0,1.0,2.5311430530355903
-0.3475595050512704,-0.21642261371373372,-0.8293566948121928,-1.0,0.3270893222238015,1.0,5.26625243625995
1.0,0.8288810798429131,0.9159066806074412,0.5320387428175324,0.8616578582487087,0.10201204297421407,-4.186634836358268
-0.6799572034019374,0.06031640060985807,-0.288533373716821,-0.37393858682164605,-0.8225950752937617,-0.4662732960747882,-1.3790971221560382
-1.0,-0.8434756792856853,-1.0,0.029812640492909936,-1.0,0.7801507862293708,-1.4889683519622994
-0.4897010399332565,0.7320869328916904,0.6079975618769143,0.9810269173670336,0.36506042965596497,-1.0,1.056140972733314
0.09857971424967604,0.2483712900248125,0.44217027202429293,0.34987377322833035,0.6541673778391763,0.5749346337058413,0.509102703615608
-0.28061592810385033,-0.8335062291748445,-0.45285295865548136,-0.19581576098519937,1.0,1.0,3.3769345204936774
0.4664908208791223,-0.3316522612078606,0.28291909795131176,-0.6874535817523508,0.13680566758140994,1.0,1.3711804504996294
1.0,0.4420877409086569,-0.4137524560091016,1.0,-0.20201068946605938,-0.6485308255537021,2.4799535435689606
-1.0,-1.0,-0.4791438563697066,-0.028189798055563764,-1.0,0.481916078057686,-3.260886828744661
1.0,-0.4391337500567775,0.3340505153367532,0.905963729193836,0.31723438310683894,1.0,2.2811922741841677
0.4589165727551259,1.0,0.585657913997049,1.0,-0.23572290183394995,-0.7941103673959782,2.6970266016956588
-1.0,-0.9023010775360636,-0.8341262228793787,-0.6239199097929664,0.9848303495741474,0.12332080648195776,-3.4248173731329414
0.5007886806332279,-0.027086290279271674,-0.940802257942716,-1.0,-0.5342192990529812,-0.6802118517841496,0.6537053711245595
0.3334639162073612,-0.7655690809563331,0.01186483287435458,0.0730447384758367,-0.0431243373172171,-0.5333216373433652,0.5497488318884162
1.0,1.0,1.0,1.0,1.0,1.0,-9.201330690004344
0.1009863242685102,-0.9609530076962679,-0.45194867397779,-0.5428676769339854,-0.6712232336506719,-0.36363457981066405,1.5610412313348565
-1.0,-0.1552104121786524,-1.0,-0.011364581014886355,0.27607428870736317,-1.0,6.316633175871371
0.6026372869745673,0.7012709186589519,1.0,0.5990053118643888,-0.08087265384027459,0.29903956306260715,-0.9425617696827701
1.0,-0.9548685698421575,-0.08406250561637296,-1.0,-1.0,-0.009058988875773444,9.207918334861658
-0.37546749260853374,-1.0,0.8650459691520617,-1.0,-0.2534283537793489,0.6961116586678808,-1.6270656482656505
-0.3284320416154365,-0.2413774707075385,-0.5511915764734925,-1.0,-0.4594505545713572,-1.0,1.8015290176871726
1.0,0.7006913998208611,-0.29823573507562273,1.0,0.9741734295015634,-0.20873419783561462,-1.2620336978963724
-0.8614318864280877,-0.16493943654973808,-1.0,-1.0,0.33554440308990907,-0.18664238088164348,-2.6180977251044815
-0.9568907279102024,-1.0,-1.0,-0.3676925517302112,1.0,0.2936709666754167,-4.962622791759279
0.20171031556304586,-1.0,-0.3816749471656973,-0.5567738576612976,-0.3316701510065664,0.2782905562087872,-0.30531200611323256
-1.0,-0.22521020793309088,-0.2576243240630347,-0.19149050654037447,-0.6714341228861267,-0.23062274455127968,-1.8883597562495833
1.0,0.16383532078281826,1.0,1.0,-0.6903825617205815,-0.5259818487590293,4.1973903839932944
-1.0,-0.6148015028405238,-1.0,-1.0,1.0,0.10871727907943252,-3.963944271725957
1.0,1.0,-0.011063509742765154,0.9531043474926679,1.0,0.08804820091216858,-1.4141778883345775
-0.9003673668968717,0.7420976476898868,-1.0,-0.9892038326055805,-1.0,-0.5883006884647195,-0.4745962339085187
0.13600395253238085,1.0,0.27667097559142184,0.230969848996188,1.0,0.5168634107724204,0.28662234203480563
-0.8037902405660519,-0.3090061518819013,-0.3021364948948399,-0.42609768673196463,-0.5307358218208971,1.0,0.876427418804695
0.14796802149906527,-0.8217700149382485,0.287924390055353,-0.4782005962365372,-1.0,-0.5331801087011285,4.7170152311662665
0.2928653447539464,-0.3583795305948754,-1.0,0.5939792470307397,0.04435679998211439,1.0,5.70558167332789
-0.04553027239237581,0.9290877143690806,-0.8683665503522153,-0.9048776584136435,-0.8516075921090405,-0.18170067554984626,1.0125332590379703
1.0,1.0,-0.28631026587893277,-0.16310651274918753,0.7982996785182028,0.02619549090819101,-0.5612670573856838
-0.9897839113515936,0.5647231670925468,0.6555946027592747,0.884921136317601,-0.053213074850395836,-0.28213780714747616,-0.4304061543262337
-0.5267860184027918,-0.8465829214701488,-0.4505406119342863,-0.3152523289704494,-1.0,1.0,1.9549701522114502
0.2873014605923119,0.6734759853775252,0.6375042808393578,0.8386547057477243,1.0,0.24139555554513814,-2.57848653059194
0.11659547821407856,1.0,0.1250204781538613,1.0,-0.5658241722288571,-0.43785562123031513,3.0789504802322525
0.8712402591077412,0.34570075006762313,-0.021506713871821403,0.4756412667246127,0.1111405491474487,-0.05791328707612542,0.5090239067811595
1.0,1.0,1.0,1.0,-0.28100832162766487,0.7632144317811159,-3.0108973884826167
-0.526560635933754,-1.0,-1.0,-0.4191954169786407,-0.9526073711318104,-1.0,1.4919720347331415
0.09742422232676007,0.265422233394188,0.02769015797938057,1.0,-0.8950317438219899,-0.7858883243466446,3.126219950078938
